"","date","mean_temp","mean_precipi","mean_wind","mean_snow","IsRainyDay","fine_dust","hyper_dust","fine_dust_grade","hyper_dust_grade","IsDustyDay"
"1",20170101,2.40416666666667,NA,1.60833333333333,NA,NA,80,58,6,7,1
"2",20170102,5.24166666666667,0.15,2.22083333333333,NA,0,111,79.5,7,8,1
"3",20170103,2.10833333333333,NA,1.90833333333333,NA,NA,79,52,6,7,1
"4",20170104,4.0375,NA,1.70833333333333,NA,NA,57,35,5,5,1
"5",20170105,3.6,NA,3.05833333333333,NA,NA,38,23,3,4,0
"6",20170106,5.60416666666667,NA,2.32916666666667,NA,NA,22,13.5,2,2,0
"7",20170107,4.40833333333333,NA,1.4625,NA,NA,56,40,5,6,1
"8",20170108,6.57916666666667,0,2.58333333333333,NA,0,32,22.5,3,4,0
"9",20170109,2.13333333333333,0,3.20833333333333,NA,0,61,46.5,5,6,1
"10",20170110,-3.225,NA,3.11666666666667,NA,NA,32,16,3,3,0
"11",20170111,-4.27916666666667,NA,2.08333333333333,NA,NA,25,12,2,2,0
"12",20170112,-1.67916666666667,0,3.1375,0.1,0,31,17,3,3,0
"13",20170113,-5.8375,0.3,2.7625,0.78,0,31,13,3,2,0
"14",20170114,-8.31666666666667,NA,3.75,NA,NA,47,12,4,2,0
"15",20170115,-6.85833333333333,NA,2.35,NA,NA,28,14,2,2,0
"16",20170116,-3.73333333333333,NA,1.36666666666667,NA,NA,48,26,4,5,1
"17",20170117,-2.26666666666667,NA,1.45833333333333,NA,NA,69,46,5,6,1
"18",20170118,-0.4125,0,1.29583333333333,NA,0,99,75,6,7,1
"19",20170119,-1.26666666666667,NA,1.5625,NA,NA,105,71,7,7,1
"20",20170120,-3.85416666666667,1.33333333333333,2.875,4.91428571428571,1,59,40,5,6,1
"21",20170121,-5.525,0.28,1.52916666666667,4.04583333333333,0,51,36,5,5,1
"22",20170122,-7.5625,0.35,3.5875,4.60416666666667,0,76,28,6,5,1
"23",20170123,-8.9,NA,2.3,2.925,NA,48.5,37,4,5,1
"24",20170124,-7.125,NA,1.875,2.0875,NA,41,30,4,5,1
"25",20170125,-5.3625,NA,1.57083333333333,1.75833333333333,NA,51,37,5,5,1
"26",20170126,-2.04166666666667,NA,2.18333333333333,1.35416666666667,NA,66,49,5,6,1
"27",20170127,-1.8125,1.65,3.48333333333333,0.9,1,111,20,7,3,1
"28",20170128,-2.07916666666667,NA,1.83333333333333,NA,NA,34,13,3,2,0
"29",20170129,0.995833333333333,0.82,1.79166666666667,1.35714285714286,0,28,17,2,3,0
"30",20170130,-4.28333333333333,0.25,3.43333333333333,1.88333333333333,0,50,35,4,5,1
"31",20170131,-5.49583333333333,NA,1.70416666666667,1.23333333333333,NA,30,19,2,3,0
"32",20170201,-3.7625,NA,2.49166666666667,0.723076923076923,NA,37,21,3,4,0
"33",20170202,-3.24166666666667,NA,2.71666666666667,NA,NA,34,18,3,3,0
"34",20170203,1.55416666666667,NA,1.5375,NA,NA,71,48,5,6,1
"35",20170204,0.675,NA,1.60833333333333,NA,NA,100,74,6,7,1
"36",20170205,1.5,0.125,2.13333333333333,NA,0,72,56,5,7,1
"37",20170206,-1.575,NA,3.01666666666667,NA,NA,42,28,4,5,1
"38",20170207,-2.07916666666667,NA,1.525,NA,NA,43,25,4,4,0
"39",20170208,-2.125,NA,2.1125,NA,NA,56,32,5,5,1
"40",20170209,-4.89583333333333,NA,3.69166666666667,NA,NA,54,20,5,3,1
"41",20170210,-6.54166666666667,NA,4.1375,NA,NA,34,18,3,3,0
"42",20170211,-5.0125,NA,2.7375,NA,NA,30,17,2,3,0
"43",20170212,-2.19583333333333,NA,2.17083333333333,NA,NA,32,18,3,3,0
"44",20170213,-0.0833333333333333,NA,1.55416666666667,NA,NA,46,29,4,5,1
"45",20170214,0.45,NA,2.59166666666667,NA,NA,54,34,5,5,1
"46",20170215,1.5875,NA,1.4,NA,NA,64,43,5,6,1
"47",20170216,4.86666666666667,NA,1.76666666666667,NA,NA,71,49,5,6,1
"48",20170217,2.07083333333333,1.33333333333333,3.9,NA,1,47,18,4,3,0
"49",20170218,-2.75416666666667,NA,2.86666666666667,NA,NA,32,18,3,3,0
"50",20170219,1.47083333333333,0.133333333333333,1.81666666666667,NA,0,45,27,4,5,1
"51",20170220,-0.645833333333333,0.366666666666667,4.24583333333333,NA,0,46,23,4,4,0
"52",20170221,-1.11666666666667,NA,1.6125,NA,NA,48,30,4,5,1
"53",20170222,1.79583333333333,1.02,2.52916666666667,NA,1,41,30,4,5,1
"54",20170223,-1.225,NA,3.80416666666667,NA,NA,36,23,3,4,0
"55",20170224,-1.2375,NA,2.35,NA,NA,30,18,2,3,0
"56",20170225,2.43333333333333,NA,2.31666666666667,NA,NA,49,32,4,5,1
"57",20170226,3.66666666666667,NA,2.125,NA,NA,49,33,4,5,1
"58",20170227,3.76666666666667,NA,1.85416666666667,NA,NA,41,25,4,4,0
"59",20170228,5.10416666666667,NA,1.95833333333333,NA,NA,46,28,4,5,1
"60",20170301,5.225,2,1.86666666666667,NA,1,58,42,5,6,1
"61",20170302,2.02916666666667,0.75,3.19166666666667,NA,0,34,23,3,4,0
"62",20170303,3.05833333333333,NA,2.07916666666667,NA,NA,46,24,4,4,0
"63",20170304,5.59166666666667,NA,1.7625,NA,NA,55,34,5,5,1
"64",20170305,5.0625,0,2.0375,NA,0,68,51,5,7,1
"65",20170306,0.458333333333333,0.5,3.925,NA,0,37,26,3,5,1
"66",20170307,-1.20833333333333,0,3.6875,NA,0,35,21,3,4,0
"67",20170308,-0.383333333333333,0,3.1125,NA,0,46,20,4,3,0
"68",20170309,3.03333333333333,NA,3.2375,NA,NA,50,22,4,4,0
"69",20170310,4.61666666666667,NA,2.1625,NA,NA,48,27,4,5,1
"70",20170311,6.89166666666667,NA,1.84166666666667,NA,NA,67,42,5,6,1
"71",20170312,8.15416666666667,0,1.7875,NA,0,90,66,6,7,1
"72",20170313,6.79166666666667,0,2.6375,NA,0,64,44,5,6,1
"73",20170314,5.75416666666667,NA,2.97916666666667,NA,NA,54,29,5,5,1
"74",20170315,6.26666666666667,NA,2.125,NA,NA,44,25,4,4,0
"75",20170316,6.24166666666667,NA,1.83333333333333,NA,NA,67,45,5,6,1
"76",20170317,7.4125,NA,2.05,NA,NA,77,55,6,7,1
"77",20170318,9.54583333333333,NA,2.19583333333333,NA,NA,75,52,5,7,1
"78",20170319,10.6125,NA,1.67916666666667,NA,NA,79,55,6,7,1
"79",20170320,10.325,NA,1.86666666666667,NA,NA,99,68,6,7,1
"80",20170321,7.6375,NA,3.1375,NA,NA,102,67,7,7,1
"81",20170322,7.36666666666667,NA,2.525,NA,NA,53.5,32,5,5,1
"82",20170323,9.075,NA,2.3,NA,NA,76.5,43,6,6,1
"83",20170324,8.675,NA,2.0625,NA,NA,61,36,5,5,1
"84",20170325,8.325,NA,2.23333333333333,NA,NA,68,44,5,6,1
"85",20170326,7.225,NA,2.14166666666667,NA,NA,63,45,5,6,1
"86",20170327,6.225,0.2,2.65833333333333,NA,0,76,56,6,7,1
"87",20170328,7.02083333333333,NA,1.88333333333333,NA,NA,84,61,6,7,1
"88",20170329,8.73333333333333,NA,2.29583333333333,NA,NA,58,40,5,6,1
"89",20170330,10.2083333333333,NA,1.84583333333333,NA,NA,70,44,5,6,1
"90",20170331,9.075,0.3,2.32916666666667,NA,0,53,34,5,5,1
"91",20170401,8.5375,0.5,2.02083333333333,NA,0,25,17,2,3,0
"92",20170402,8.84166666666667,NA,2.125,NA,NA,50,34,4,5,1
"93",20170403,11.1416666666667,NA,2.04583333333333,NA,NA,81,53,6,7,1
"94",20170404,13.6666666666667,NA,1.96666666666667,NA,NA,77,47,6,6,1
"95",20170405,12.075,1.85294117647059,2.47083333333333,NA,1,51,31,5,5,1
"96",20170406,10.6875,0.692307692307692,2.5,NA,0,27,18.5,2,3,0
"97",20170407,14.2958333333333,NA,2.00416666666667,NA,NA,45,28,4,5,1
"98",20170408,13.1166666666667,0.2,2.45416666666667,NA,0,65,43,5,6,1
"99",20170409,14.6666666666667,0.133333333333333,2.89583333333333,NA,0,42,26,4,5,1
"100",20170410,16.2916666666667,NA,2.72916666666667,NA,NA,30,17,2,3,0
"101",20170411,15.5666666666667,NA,3.27083333333333,NA,NA,60,24,5,4,1
"102",20170412,11.7208333333333,NA,3.65833333333333,NA,NA,70,12,5,2,1
"103",20170413,12.3166666666667,0,2.53333333333333,NA,0,74,27,5,5,1
"104",20170414,12.8833333333333,1,3.4875,NA,1,60,22,5,4,1
"105",20170415,16.4,NA,2.175,NA,NA,72,32,5,5,1
"106",20170416,18.4791666666667,NA,1.34090909090909,NA,NA,63,33,5,5,1
"107",20170417,15.3583333333333,0.785714285714286,2.21666666666667,NA,0,49,26,4,5,1
"108",20170418,11.7541666666667,1.875,2.4125,NA,1,43,21,4,4,0
"109",20170419,12.3583333333333,NA,2.75833333333333,NA,NA,92,17,6,3,1
"110",20170420,13.0166666666667,0.1,2.4125,NA,0,90,23,6,4,1
"111",20170421,12.9041666666667,NA,1.91666666666667,NA,NA,73,24,5,4,1
"112",20170422,14.55,NA,1.98333333333333,NA,NA,64,25,5,4,1
"113",20170423,14.8791666666667,NA,2.58333333333333,NA,NA,52,24,5,4,1
"114",20170424,14.9458333333333,NA,2.48636363636364,NA,NA,46,19,4,3,0
"115",20170425,16.0791666666667,NA,2.81904761904762,NA,NA,63,30,5,5,1
"116",20170426,15.2041666666667,NA,3.13333333333333,NA,NA,45,17,4,3,0
"117",20170427,13.6125,NA,3.3875,NA,NA,47,15,4,2,0
"118",20170428,14.3208333333333,NA,2.89583333333333,NA,NA,68,24,5,4,1
"119",20170429,16.6291666666667,NA,2.74166666666667,NA,NA,67,28,5,5,1
"120",20170430,19.4708333333333,NA,2.60416666666667,NA,NA,96,52,6,7,1
"121",20170501,19.9541666666667,NA,1.88333333333333,NA,NA,96,50,6,6,1
"122",20170502,20.5375,NA,2.0875,NA,NA,101,49,7,6,1
"123",20170503,21.4583333333333,NA,2.2125,NA,NA,74,34,5,5,1
"124",20170504,20.8708333333333,NA,2.05833333333333,NA,NA,69,33,5,5,1
"125",20170505,21.1791666666667,NA,3.1875,NA,NA,60,25,5,4,1
"126",20170506,15.0458333333333,NA,3.85,NA,NA,208,20,8,3,1
"127",20170507,16.4125,NA,3.22083333333333,NA,NA,97,17,6,3,1
"128",20170508,17.5166666666667,NA,2.15833333333333,NA,NA,189,37,8,5,1
"129",20170509,17.2291666666667,0.25,1.50833333333333,NA,0,130,30,7,5,1
"130",20170510,16.5958333333333,0.357142857142857,2.25833333333333,NA,0,45,20,4,3,0
"131",20170511,18.8583333333333,0,1.79583333333333,NA,0,76,33,6,5,1
"132",20170512,19.3875,NA,2.12916666666667,NA,NA,77,43,6,6,1
"133",20170513,16.8166666666667,3,3.13333333333333,NA,1,54,25,5,4,1
"134",20170514,15.575,NA,3.85,NA,NA,65,14,5,2,1
"135",20170515,15.8583333333333,0,2.75833333333333,NA,0,48,12,4,2,0
"136",20170516,17.0583333333333,NA,1.9,NA,NA,39,16,3,3,0
"137",20170517,18.6125,NA,2.04583333333333,NA,NA,42,19,4,3,0
"138",20170518,20.2208333333333,NA,2.24166666666667,NA,NA,52,27,5,5,1
"139",20170519,21.0875,NA,2.65416666666667,NA,NA,50,26,4,5,1
"140",20170520,20.825,NA,2.40833333333333,NA,NA,41,21,4,4,0
"141",20170521,21.3166666666667,NA,2.21666666666667,NA,NA,33,19,3,3,0
"142",20170522,21.7333333333333,NA,2.13333333333333,NA,NA,46,27,4,5,1
"143",20170523,20.0083333333333,1.125,1.90416666666667,NA,1,39,22,3,4,0
"144",20170524,21.675,0.2,2.0625,NA,0,29,16,2,3,0
"145",20170525,19.65,NA,3.27916666666667,NA,NA,40,15,3,2,0
"146",20170526,17.5708333333333,NA,2.95416666666667,NA,NA,27,9,2,2,0
"147",20170527,19.5208333333333,NA,2.19583333333333,NA,NA,37,15,3,2,0
"148",20170528,20.9,NA,2.74166666666667,NA,NA,49,24,4,4,0
"149",20170529,22.7708333333333,NA,2.25416666666667,NA,NA,74,38,5,6,1
"150",20170530,23.6458333333333,NA,2.4375,NA,NA,53,24,5,4,1
"151",20170531,23.1625,NA,1.91666666666667,NA,NA,41,20,4,3,0
"152",20170601,23.375,NA,3.17083333333333,NA,NA,41,19,4,3,0
"153",20170602,20.5958333333333,0,3.00833333333333,NA,0,31,11,3,2,0
"154",20170603,20.5666666666667,NA,3.13333333333333,NA,NA,34,12,3,2,0
"155",20170604,21.6333333333333,NA,2.64583333333333,NA,NA,32,11,3,2,0
"156",20170605,23.8916666666667,0,1.93333333333333,NA,0,29,14,2,2,0
"157",20170606,20.0458333333333,1.125,2.4375,NA,1,23,10,2,2,0
"158",20170607,17.5291666666667,0.805555555555556,2.25416666666667,NA,0,18,10,2,2,0
"159",20170608,19.9041666666667,NA,3.0375,NA,NA,46.5,28,4,5,1
"160",20170609,20.9625,0.0166666666666667,3.27083333333333,NA,0,62.5,38,5,6,1
"161",20170610,21.6,0.9,2.3625,NA,0,52.5,23,5,4,1
"162",20170611,22.5833333333333,NA,2.22916666666667,NA,NA,31,10.5,3,2,0
"163",20170612,22.2458333333333,NA,2.8875,NA,NA,34,13,3,2,0
"164",20170613,21.4708333333333,0,2.55,NA,0,40,18,3,3,0
"165",20170614,21.8041666666667,NA,2.72916666666667,NA,NA,48,22,4,4,0
"166",20170615,22.9375,NA,2.5,NA,NA,54,25,5,4,1
"167",20170616,25.3458333333333,NA,2.0875,NA,NA,72,38,5,6,1
"168",20170617,24.2875,NA,2.44583333333333,NA,NA,56,30,5,5,1
"169",20170618,24.2708333333333,NA,2.29166666666667,NA,NA,47,26,4,5,1
"170",20170619,24.6875,NA,1.74166666666667,NA,NA,57,31,5,5,1
"171",20170620,25.775,0,2.04166666666667,NA,0,55,30,5,5,1
"172",20170621,25.625,0,2.775,NA,0,62,34,5,5,1
"173",20170622,25.2,NA,2.43333333333333,NA,NA,42,24,4,4,0
"174",20170623,26.7875,NA,2.04583333333333,NA,NA,47,25,4,4,0
"175",20170624,24.7416666666667,0.111111111111111,1.32916666666667,NA,0,46,23,4,4,0
"176",20170625,23.6625,0.571428571428571,1.57083333333333,NA,0,38,23,3,4,0
"177",20170626,23.1208333333333,2.63636363636364,2.175,NA,1,29,17,2,3,0
"178",20170627,24.975,0,2.14166666666667,NA,0,32,19,3,3,0
"179",20170628,25.8666666666667,NA,2.19583333333333,NA,NA,51,31,5,5,1
"180",20170629,26.1958333333333,NA,2.2125,NA,NA,54,35,5,5,1
"181",20170630,25.8708333333333,NA,2.32083333333333,NA,NA,58,37,5,5,1
"182",20170701,25.1666666666667,0.1,1.89583333333333,NA,0,47,30,4,5,1
"183",20170702,24.7125,2.14583333333333,2.55416666666667,NA,1,27,17,2,3,0
"184",20170703,24.425,8.30769230769231,3.575,NA,1,25.5,15,2,2,0
"185",20170704,26.6958333333333,0.0833333333333333,2.08333333333333,NA,0,36.5,23,3,4,0
"186",20170705,27.275,NA,1.6875,NA,NA,43.5,27,4,5,1
"187",20170706,27.725,8.5,1.7625,NA,1,52,35,5,5,1
"188",20170707,26.325,1.03125,1.8375,NA,1,24,13,2,2,0
"189",20170708,25.9666666666667,0.321428571428571,2.67083333333333,NA,0,28,16,2,3,0
"190",20170709,26.425,1.63333333333333,1.14166666666667,NA,1,28,18,2,3,0
"191",20170710,24.1166666666667,6.35416666666667,2.42916666666667,NA,1,16,9,2,2,0
"192",20170711,25.7541666666667,0.166666666666667,2.0375,NA,0,42,27,4,5,1
"193",20170712,27.2375,0,2.175,NA,0,51,32,5,5,1
"194",20170713,27.425,NA,1.4,NA,NA,53,35,5,5,1
"195",20170714,28.6416666666667,0,2.125,NA,0,51,34,5,5,1
"196",20170715,25.1833333333333,2.125,2.3125,NA,1,23,14,2,2,0
"197",20170716,25.9875,2.25,1.50833333333333,NA,1,20,12,2,2,0
"198",20170717,26.9416666666667,2.16666666666667,2.02083333333333,NA,1,25,14,2,2,0
"199",20170718,26.4166666666667,0.318181818181818,1.52916666666667,NA,0,28,17,2,3,0
"200",20170719,28.1791666666667,NA,1.7875,NA,NA,41,26,4,5,1
"201",20170720,29.7583333333333,NA,2.1,NA,NA,56,38,5,6,1
"202",20170721,29.7583333333333,NA,2.48333333333333,NA,NA,64,45,5,6,1
"203",20170722,29.425,0.0625,2.22083333333333,NA,0,60,42,5,6,1
"204",20170723,27.0791666666667,12.1363636363636,2.12916666666667,NA,1,54,36,5,5,1
"205",20170724,26.3,0.5,1.26666666666667,NA,0,37,22,3,4,0
"206",20170725,29.2875,NA,1.80416666666667,NA,NA,29,16,2,3,0
"207",20170726,28.6083333333333,NA,2.725,NA,NA,20,11,2,2,0
"208",20170727,27.3291666666667,0.1,1.95,NA,0,31,18,3,3,0
"209",20170728,25.45,0.766666666666667,1.5,NA,0,33,19,3,3,0
"210",20170729,27.0958333333333,0,2.29166666666667,NA,0,17,9,2,2,0
"211",20170730,27.8083333333333,NA,1.88333333333333,NA,NA,24,15,2,2,0
"212",20170731,25.9166666666667,0.318181818181818,1.4,NA,0,23,13,2,2,0
"213",20170801,28.2416666666667,0.5,1.6,NA,0,23,14,2,2,0
"214",20170802,30,NA,1.25,NA,NA,37,25,3,4,0
"215",20170803,30.1083333333333,NA,2.30833333333333,NA,NA,26,15,2,2,0
"216",20170804,30.2208333333333,NA,1.9375,NA,NA,29,19,2,3,0
"217",20170805,31.3333333333333,0,1.79583333333333,NA,0,33,22.5,3,4,0
"218",20170806,30.0083333333333,1.66666666666667,1.77083333333333,NA,1,27,18.5,2,3,0
"219",20170807,29.2041666666667,NA,2.45833333333333,NA,NA,35,22,3,4,0
"220",20170808,28.1291666666667,NA,1.92916666666667,NA,NA,46,29,4,5,1
"221",20170809,27.9416666666667,0.1,2.34166666666667,NA,0,36,24,3,4,0
"222",20170810,24.8416666666667,0.3125,2.07083333333333,NA,0,9,5,1,1,0
"223",20170811,26.8916666666667,0.125,2.42916666666667,NA,0,13,7,1,1,0
"224",20170812,27.6666666666667,NA,2.07083333333333,NA,NA,12,7,1,1,0
"225",20170813,26.3958333333333,0,2.71666666666667,NA,0,12,6,1,1,0
"226",20170814,24.6291666666667,0.107142857142857,3.775,NA,0,10,5,1,1,0
"227",20170815,22.125,4.06521739130435,3.60416666666667,NA,1,7,4,1,1,0
"228",20170816,23.1333333333333,0.2,3.725,NA,0,9,5,1,1,0
"229",20170817,24.4875,0.0833333333333333,2.09166666666667,NA,0,13,7,1,1,0
"230",20170818,26.3041666666667,0,1.29166666666667,NA,0,28,18,2,3,0
"231",20170819,25.9875,0,2.01666666666667,NA,0,28,16,2,3,0
"232",20170820,23.3125,5.14583333333333,2.85833333333333,NA,1,11,7,1,1,0
"233",20170821,25.6916666666667,0.75,2.37916666666667,NA,0,15,9,1,2,0
"234",20170822,27.1083333333333,NA,2.01666666666667,NA,NA,18,11,2,2,0
"235",20170823,26.9291666666667,2.25,2.675,NA,1,22,10,2,2,0
"236",20170824,26.7083333333333,0.875,3.96666666666667,NA,0,24,9,2,2,0
"237",20170825,25.4916666666667,NA,1.7625,NA,NA,29,14,2,2,0
"238",20170826,24.1791666666667,NA,1.96666666666667,NA,NA,27,12,2,2,0
"239",20170827,22.5958333333333,0,1.45416666666667,NA,0,25,13,2,2,0
"240",20170828,21.9208333333333,1.28571428571429,1.5375,NA,1,31,18,3,3,0
"241",20170829,19.6291666666667,NA,3.37083333333333,NA,NA,19,9,2,2,0
"242",20170830,19.5375,NA,1.52916666666667,NA,NA,27,11,2,2,0
"243",20170831,22.0375,NA,1.5625,NA,NA,37,21,3,4,0
"244",20170901,23.1708333333333,NA,2.1375,NA,NA,25,14,2,2,0
"245",20170902,23.6375,NA,1.86666666666667,NA,NA,28,16,2,3,0
"246",20170903,23.8125,NA,1.64583333333333,NA,NA,34,21,3,4,0
"247",20170904,24.4708333333333,NA,1.6,NA,NA,29,19,2,3,0
"248",20170905,22.0833333333333,0,1.85,NA,0,27,14,2,2,0
"249",20170906,20.825,0.166666666666667,1.15833333333333,NA,0,30,18,2,3,0
"250",20170907,22.0208333333333,NA,1.53333333333333,NA,NA,39,25,3,4,0
"251",20170908,24.2208333333333,NA,1.65833333333333,NA,NA,52,33,5,5,1
"252",20170909,23.8291666666667,NA,1.37916666666667,NA,NA,63,40,5,6,1
"253",20170910,22.9416666666667,0.025,1.30416666666667,NA,0,53,36,5,5,1
"254",20170911,21.3083333333333,2.03333333333333,1.78333333333333,NA,1,23,16,2,3,0
"255",20170912,22.1291666666667,NA,1.8375,NA,NA,28,13,2,2,0
"256",20170913,21.3583333333333,NA,1.80416666666667,NA,NA,26,11,2,2,0
"257",20170914,22.0458333333333,NA,1.62083333333333,NA,NA,30,13,2,2,0
"258",20170915,22.6458333333333,NA,3.44583333333333,NA,NA,18,9,2,2,0
"259",20170916,21.9375,NA,3.70416666666667,NA,NA,12,5,1,1,0
"260",20170917,23.0666666666667,NA,2.82083333333333,NA,NA,10,5,1,1,0
"261",20170918,21.725,NA,1.97916666666667,NA,NA,22,11,2,2,0
"262",20170919,22.6833333333333,4,3.1375,NA,1,66,41,5,6,1
"263",20170920,19.6041666666667,NA,2.38333333333333,NA,NA,26,10,2,2,0
"264",20170921,20.2708333333333,NA,1.54166666666667,NA,NA,31,16,3,3,0
"265",20170922,20.5166666666667,NA,2.14166666666667,NA,NA,32,20,3,3,0
"266",20170923,21.7125,0,1.62916666666667,NA,0,56,25,5,4,1
"267",20170924,22.375,0,1.90416666666667,NA,0,64,37,5,5,1
"268",20170925,23.2541666666667,NA,1.26666666666667,NA,NA,47,26,4,5,1
"269",20170926,24.504347826087,0,1.83809523809524,NA,0,47,27,4,5,1
"270",20170927,23.125,0.0416666666666667,1.89166666666667,NA,0,42,23,4,4,0
"271",20170928,19.7708333333333,NA,2.8,NA,NA,25,9,2,2,0
"272",20170929,17.1041666666667,NA,2.10416666666667,NA,NA,25,9,2,2,0
"273",20170930,19.8583333333333,NA,1.46666666666667,NA,NA,38,19,3,3,0
"274",20171001,18.2125,0.272727272727273,2.2625,NA,0,35,20,3,3,0
"275",20171002,21.7,0.5,2.42083333333333,NA,0,21,11,2,2,0
"276",20171003,17.9541666666667,NA,2.4,NA,NA,38,11,3,2,0
"277",20171004,16.6708333333333,NA,1.69583333333333,NA,NA,23,9,2,2,0
"278",20171005,18.4041666666667,NA,2.1625,NA,NA,16,8,2,1,0
"279",20171006,18.8666666666667,0.1,2.35,NA,0,13,7,1,1,0
"280",20171007,21.3708333333333,0.025,1.1875,NA,0,10,6,1,1,0
"281",20171008,23.0083333333333,NA,1.51666666666667,NA,NA,20,13,2,2,0
"282",20171009,22.5791666666667,0,1.44583333333333,NA,0,26.5,17,2,3,0
"283",20171010,21.2916666666667,0.02,1.13333333333333,NA,0,30,18,2,3,0
"284",20171011,16.2833333333333,1.69166666666667,3.05,NA,1,13,7,1,1,0
"285",20171012,11.5904761904762,NA,2.07619047619048,NA,NA,23,12,2,2,0
"286",20171013,12.3916666666667,NA,3.0125,NA,NA,29,15,2,2,0
"287",20171014,14.4166666666667,NA,1.72222222222222,NA,NA,25,11,2,2,0
"288",20171015,15.5583333333333,NA,1.77083333333333,NA,NA,24,12,2,2,0
"289",20171016,16.7416666666667,NA,1.81666666666667,NA,NA,32,16,3,3,0
"290",20171017,16.1833333333333,NA,1.39166666666667,NA,NA,40,20,3,3,0
"291",20171018,16.3666666666667,0.0111111111111111,2.425,NA,0,26,14,2,2,0
"292",20171019,16.9958333333333,0,1.94583333333333,NA,0,21,11,2,2,0
"293",20171020,16.975,NA,1.47083333333333,NA,NA,34,17,3,3,0
"294",20171021,17.5083333333333,NA,1.27916666666667,NA,NA,40,22,3,4,0
"295",20171022,16.3333333333333,NA,3.22916666666667,NA,NA,27,13,2,2,0
"296",20171023,13.8291666666667,NA,1.375,NA,NA,27,10,2,2,0
"297",20171024,14.3041666666667,NA,1.90416666666667,NA,NA,35,16,3,3,0
"298",20171025,14.4625,NA,1.4875,NA,NA,44,22,4,4,0
"299",20171026,14.2583333333333,NA,1.275,NA,NA,52,27,5,5,1
"300",20171027,17.0541666666667,NA,1.30833333333333,NA,NA,62,34,5,5,1
"301",20171028,17.0541666666667,NA,1.98333333333333,NA,NA,48,26,4,5,1
"302",20171029,12.2583333333333,NA,3.1625,NA,NA,68,22,5,4,1
"303",20171030,7.6875,NA,2.3875,NA,NA,37,13,3,2,0
"304",20171031,9.92916666666667,NA,1.77083333333333,NA,NA,36,14,3,2,0
"305",20171101,14.2166666666667,NA,2.10416666666667,NA,NA,41,19,4,3,0
"306",20171102,15.3875,0.5,1.72916666666667,NA,0,51,27,5,5,1
"307",20171103,12.9875,0.75,3.13478260869565,NA,0,41,26,4,5,1
"308",20171104,7.90833333333333,NA,2.6125,NA,NA,54,38,5,6,1
"309",20171105,8.12083333333333,NA,1.4375,NA,NA,42,26,4,5,1
"310",20171106,11.2875,NA,1.60833333333333,NA,NA,37,20,3,3,0
"311",20171107,13.6958333333333,NA,1.48333333333333,NA,NA,45,26,4,5,1
"312",20171108,13.875,0,2.825,NA,0,69,30,5,5,1
"313",20171109,9.31666666666667,NA,1.22083333333333,NA,NA,53,24,5,4,1
"314",20171110,9.99166666666667,3.75,2.87916666666667,NA,1,46,21,4,4,0
"315",20171111,6.10833333333333,NA,2.30833333333333,NA,NA,74,13,5,2,1
"316",20171112,5.39166666666667,NA,1.34583333333333,NA,NA,33,18,3,3,0
"317",20171113,7.85,0,1.8375,NA,0,44,24,4,4,0
"318",20171114,8.0125,4.5,2.59583333333333,NA,1,47,17,4,3,0
"319",20171115,3.40416666666667,NA,2.95416666666667,NA,NA,27,11,2,2,0
"320",20171116,0.9875,NA,1.42916666666667,NA,NA,28,13,2,2,0
"321",20171117,2.8375,0,2.20416666666667,NA,0,44,24,4,4,0
"322",20171118,-1.44166666666667,0,3.41666666666667,NA,0,41,21,4,4,0
"323",20171119,-1.86666666666667,NA,2.3,NA,NA,26,12,2,2,0
"324",20171120,-0.358333333333333,0,1.43333333333333,NA,0,39,22,3,4,0
"325",20171121,1.04583333333333,NA,1.43333333333333,NA,NA,54,31,5,5,1
"326",20171122,4.475,0.5,2.34583333333333,NA,0,67,31,5,5,1
"327",20171123,1.10416666666667,0,2.18333333333333,0.1,0,26,11,2,2,0
"328",20171124,-0.145833333333333,0.6,1.7125,1.3,0,22,12,2,2,0
"329",20171125,2.2375,4,1.825,NA,1,27,17,2,3,0
"330",20171126,4.00833333333333,NA,1.8875,NA,NA,39,23,3,4,0
"331",20171127,2.25416666666667,NA,1.3125,NA,NA,52,29,5,5,1
"332",20171128,5.9625,NA,1.08333333333333,NA,NA,76,47,6,6,1
"333",20171129,3.96666666666667,0.25,2.71666666666667,NA,0,65,25,5,4,1
"334",20171130,-2.1375,NA,3.44166666666667,NA,NA,25,8,2,1,0
"335",20171201,-2.45416666666667,0,1.5375,NA,0,26,13,2,2,0
"336",20171202,1.325,NA,1.7125,NA,NA,43,25,4,4,0
"337",20171203,4.875,1.33333333333333,1.6125,NA,1,54,36,5,5,1
"338",20171204,-0.304166666666667,0.05,3.45,NA,0,46,27,4,5,1
"339",20171205,-4.45833333333333,NA,2.41818181818182,NA,NA,23,11,2,2,0
"340",20171206,0.0458333333333333,0.325,1.28461538461538,0.505882352941176,0,34,22,3,4,0
"341",20171207,1.09166666666667,0,1.69166666666667,0.8,0,47,33,4,5,1
"342",20171208,-3.825,NA,1.85,NA,NA,34,21,3,4,0
"343",20171209,-0.845833333333333,NA,1.07916666666667,NA,NA,43,25,4,4,0
"344",20171210,1.19166666666667,0.82,2.00416666666667,2.5,0,41,25,4,4,0
"345",20171211,-6.26666666666667,0,3.60833333333333,NA,0,49,10,4,2,0
"346",20171212,-9.46666666666667,NA,2.03333333333333,NA,NA,34,17,3,3,0
"347",20171213,-8.61666666666667,NA,1.7875,NA,NA,39,19,3,3,0
"348",20171214,-6.87083333333333,NA,0.8875,NA,NA,57,35,5,5,1
"349",20171215,-3.27916666666667,0,0.983333333333333,NA,0,85,55,6,7,1
"350",20171216,-5.2875,NA,2.95416666666667,NA,NA,61,42,5,6,1
"351",20171217,-7.0125,NA,1.90416666666667,NA,NA,40.5,13,3,2,0
"352",20171218,-1.97083333333333,0.68,1.18333333333333,2.71363636363636,0,57,34.5,5,5,1
"353",20171219,-3.53333333333333,NA,2.17083333333333,2.31666666666667,NA,47.5,19,4,3,0
"354",20171220,-4.29166666666667,0.1,1.1125,2.0125,0,43,25,4,4,0
"355",20171221,-0.845833333333333,NA,1.21666666666667,1.62083333333333,NA,53,39,5,6,1
"356",20171222,2.75833333333333,NA,1,0.7,NA,60,43,5,6,1
"357",20171223,6.12916666666667,NA,1.15833333333333,NA,NA,110.5,78,7,8,1
"358",20171224,3.45833333333333,4,1.825,NA,1,79,58,6,7,1
"359",20171225,-2.09166666666667,NA,2.7,NA,NA,32,15,3,2,0
"360",20171226,-3.26666666666667,NA,2.8625,NA,NA,31,14,3,2,0
"361",20171227,-6.99583333333333,NA,1.95416666666667,NA,NA,29.5,13,2,2,0
"362",20171228,-2.57916666666667,NA,1.35416666666667,NA,NA,49,26.5,4,5,1
"363",20171229,2.19583333333333,0,1.175,NA,0,99,63,6,7,1
"364",20171230,1.3125,0.25,0.9375,NA,0,134.5,90.5,7,8,1
"365",20171231,0.0875,0.4,2.32083333333333,1.02142857142857,0,65.5,35.5,5,5,1
"366",20180101,-1.28333333333333,NA,1.45416666666667,NA,NA,44,21,4,4,0
"367",20180102,-1.49166666666667,NA,1.76666666666667,NA,NA,43,22,4,4,0
"368",20180103,-4.47916666666667,NA,2.125,NA,NA,37,18,3,3,0
"369",20180104,-4.8,NA,1.375,NA,NA,47.5,24,4,4,0
"370",20180105,-2.9125,NA,1.65833333333333,NA,NA,61,36,5,5,1
"371",20180106,-2.75416666666667,NA,1.47916666666667,NA,NA,51,30.5,5,5,1
"372",20180107,-1.20833333333333,NA,0.8125,NA,NA,57,39,5,6,1
"373",20180108,1.42083333333333,0.3,1.75,0.9,0,58.5,39,5,6,1
"374",20180109,-3.87083333333333,0,2.975,0.675,0,45.5,19.5,4,3,0
"375",20180110,-7.03333333333333,0.4,2.93333333333333,0.6,0,35,13,3,2,0
"376",20180111,-10.7666666666667,NA,2.6375,NA,NA,35,23,3,4,0
"377",20180112,-10.6958333333333,NA,1.76666666666667,NA,NA,26,15,2,2,0
"378",20180113,-4.55833333333333,0.08,0.845833333333333,0.44,0,54,38,5,6,1
"379",20180114,0.0208333333333333,NA,1.0625,NA,NA,70,52,5,7,1
"380",20180115,4.70833333333333,0.1,1.47916666666667,NA,0,70,47,5,6,1
"381",20180116,3.27916666666667,0,0.758333333333333,NA,0,116,81,7,8,1
"382",20180117,4.55,NA,1.22916666666667,NA,NA,114,86,7,8,1
"383",20180118,2.31666666666667,0,1.875,NA,0,92,59,6,7,1
"384",20180119,1.05416666666667,NA,1.65416666666667,NA,NA,62,27,5,5,1
"385",20180120,2.2625,NA,1.56666666666667,NA,NA,103,62,7,7,1
"386",20180121,0.391666666666667,NA,1.13333333333333,NA,NA,66,34,5,5,1
"387",20180122,0.441666666666667,1.1,1.40833333333333,0.885714285714286,1,50,24,4,4,0
"388",20180123,-10.9166666666667,NA,3.675,0.970833333333333,NA,25,11,2,2,0
"389",20180124,-14.0833333333333,NA,3.39583333333333,0.820833333333333,NA,32,10,3,2,0
"390",20180125,-14.0041666666667,NA,2.87083333333333,0.591666666666667,NA,25,12,2,2,0
"391",20180126,-14.7375,NA,2.51666666666667,0.429166666666667,NA,34,18,3,3,0
"392",20180127,-10.4291666666667,NA,1.53333333333333,0.293333333333333,NA,47,26,4,5,1
"393",20180128,-6.03333333333333,NA,2.625,NA,NA,34,19,3,3,0
"394",20180129,-8.525,NA,2.72083333333333,NA,NA,47,16,4,3,0
"395",20180130,-5.9125,0.966666666666667,1.25416666666667,2.77142857142857,0,44,21,4,4,0
"396",20180131,-2.1875,0,1.7125,2.7,0,42,20,4,3,0
"397",20180201,-3.86666666666667,NA,1.60833333333333,1.44666666666667,NA,41,22,4,4,0
"398",20180202,-2.64583333333333,NA,1.64166666666667,NA,NA,57,33,5,5,1
"399",20180203,-6.61666666666667,0.25,3.79583333333333,0.244444444444444,0,39,20,3,3,0
"400",20180204,-9.52083333333333,NA,3.0625,NA,NA,34,21,3,4,0
"401",20180205,-9.4,NA,3.06666666666667,NA,NA,28,14,2,2,0
"402",20180206,-10.0083333333333,NA,3.17916666666667,NA,NA,32,19,3,3,0
"403",20180207,-8.325,NA,1.61666666666667,NA,NA,42,25,4,4,0
"404",20180208,-4.5875,NA,1.2,NA,NA,53,35,5,5,1
"405",20180209,-0.0541666666666667,NA,1.09583333333333,NA,NA,71,49,5,6,1
"406",20180210,0.120833333333333,NA,3.06666666666667,NA,NA,79,44,6,6,1
"407",20180211,-5.9875,0,2.7,NA,0,52,14,5,2,1
"408",20180212,-5.9875,0,2.775,NA,0,49,14,4,2,0
"409",20180213,-1.33333333333333,0,2.64166666666667,NA,0,52,16,5,3,1
"410",20180214,3.59583333333333,NA,2.42916666666667,NA,NA,69,30,5,5,1
"411",20180215,-0.45,NA,2.38333333333333,NA,NA,41,15,4,2,0
"412",20180216,-1.0875,NA,2.09166666666667,NA,NA,46,19,4,3,0
"413",20180217,-2.89166666666667,NA,2.72083333333333,NA,NA,NA,NA,NA,NA,NA
"414",20180218,-0.679166666666667,NA,1.2875,NA,NA,38,17,3,3,0
"415",20180219,1.72916666666667,NA,1.5,NA,NA,62,39,5,6,1
"416",20180220,1.09583333333333,NA,2.45416666666667,NA,NA,67,41,5,6,1
"417",20180221,-0.916666666666667,NA,2.3375,NA,NA,38,19,3,3,0
"418",20180222,0.991666666666667,NA,2.07083333333333,NA,NA,48,28,4,5,1
"419",20180223,3.95,2.05,1.91666666666667,3.19285714285714,1,92,64,6,7,1
"420",20180224,2.7625,NA,2.3125,NA,NA,81,53,6,7,1
"421",20180225,1.91666666666667,NA,1.79583333333333,NA,NA,47,31,4,5,1
"422",20180226,2.725,NA,1.36666666666667,NA,NA,64,43,5,6,1
"423",20180227,4.00833333333333,NA,0.9,NA,NA,100.5,64,6,7,1
"424",20180228,4.85,7.66666666666667,2.10416666666667,NA,1,71.5,45,5,6,1
"425",20180301,0.45,0.625,3.55416666666667,NA,0,44,31,4,5,1
"426",20180302,-1.14583333333333,NA,1.64166666666667,NA,NA,71,27.5,5,5,1
"427",20180303,7.17916666666667,NA,1.59583333333333,NA,NA,60,28.5,5,5,1
"428",20180304,9.83333333333333,0.357142857142857,1.22916666666667,NA,0,32,22,3,4,0
"429",20180305,6.0375,2.5,1.91666666666667,NA,1,10,6,1,1,0
"430",20180306,4.2875,NA,1.54583333333333,NA,NA,33,18,3,3,0
"431",20180307,6.19166666666667,0,1.71666666666667,NA,0,30,16,2,3,0
"432",20180308,4.72916666666667,0.9,2.03333333333333,NA,0,33,26,3,5,1
"433",20180309,4.60416666666667,NA,1.5125,NA,NA,54,36,5,5,1
"434",20180310,4.35416666666667,NA,1.95,NA,NA,48.5,33,4,5,1
"435",20180311,6.6125,NA,1.94166666666667,NA,NA,62,41,5,6,1
"436",20180312,7.7875,NA,1.4,NA,NA,102.5,63,7,7,1
"437",20180313,11.65,NA,1.725,NA,NA,70,40,5,6,1
"438",20180314,16.775,NA,2.2625,NA,NA,27,13,2,2,0
"439",20180315,13,3.85714285714286,2.0125,NA,1,24,16,2,3,0
"440",20180316,7.35416666666667,NA,1.9,NA,NA,15,6,1,1,0
"441",20180317,6.38333333333333,NA,1.59583333333333,NA,NA,33,20,3,3,0
"442",20180318,8.06666666666667,0,1.17083333333333,NA,0,62,48,5,6,1
"443",20180319,8.02083333333333,0.214285714285714,2.37916666666667,NA,0,32,23,3,4,0
"444",20180320,5.04166666666667,NA,3.45833333333333,NA,NA,21,8,2,1,0
"445",20180321,2.12916666666667,0.25,1.75,NA,0,NA,NA,NA,NA,NA
"446",20180322,4.85,NA,2.22916666666667,NA,NA,NA,NA,NA,NA,NA
"447",20180323,6.075,NA,1.9375,NA,NA,NA,NA,NA,NA,NA
"448",20180324,7.47916666666667,NA,2.20416666666667,NA,NA,NA,NA,NA,NA,NA
"449",20180325,9.625,NA,1.7625,NA,NA,NA,NA,NA,NA,NA
"450",20180326,10.8,NA,1.99166666666667,NA,NA,NA,NA,NA,NA,NA
"451",20180327,13.0833333333333,NA,1.6,NA,NA,NA,NA,NA,NA,NA
"452",20180328,13.9666666666667,NA,2.1875,NA,NA,NA,NA,NA,NA,NA
"453",20180329,15.5458333333333,NA,1.69583333333333,NA,NA,NA,NA,NA,NA,NA
"454",20180330,14.6708333333333,NA,1.77916666666667,NA,NA,NA,NA,NA,NA,NA
"455",20180331,13.9416666666667,NA,1.89583333333333,NA,NA,NA,NA,NA,NA,NA
"456",20180401,15.1833333333333,NA,1.57083333333333,NA,NA,NA,NA,NA,NA,NA
"457",20180402,18.2166666666667,NA,2.00416666666667,NA,NA,NA,NA,NA,NA,NA
"458",20180403,17.9583333333333,0,2.1125,NA,0,NA,NA,NA,NA,NA
"459",20180404,13.7375,2.325,1.825,NA,1,NA,NA,NA,NA,NA
"460",20180405,7.79583333333333,0.526315789473684,1.9875,NA,0,NA,NA,NA,NA,NA
"461",20180406,6.30416666666667,1,3.0375,NA,1,NA,NA,NA,NA,NA
"462",20180407,4.20833333333333,0.05,4,NA,0,NA,NA,NA,NA,NA
"463",20180408,3.8125,0.428571428571429,1.73333333333333,NA,0,NA,NA,NA,NA,NA
"464",20180409,7.47916666666667,NA,1.05,NA,NA,41,27,4,5,1
"465",20180410,14.6541666666667,1.66666666666667,3.43333333333333,NA,1,50,20,4,3,0
"466",20180411,12.8666666666667,NA,3.00833333333333,NA,NA,68,25,5,4,1
"467",20180412,13.0291666666667,NA,2.575,NA,NA,50,16,4,3,0
"468",20180413,14.2916666666667,NA,1.4,NA,NA,38,15,3,2,0
"469",20180414,9.5875,0.6,1.82916666666667,NA,0,22,12,2,2,0
"470",20180415,9.4125,NA,2.3375,NA,NA,80,23,6,4,1
"471",20180416,11.4291666666667,NA,1.6,NA,NA,41,23,4,4,0
"472",20180417,12.8083333333333,NA,1.8125,NA,NA,64,31,5,5,1
"473",20180418,12.3791666666667,NA,1.94166666666667,NA,NA,75,34,5,5,1
"474",20180419,13.7875,NA,1.925,NA,NA,82,40,6,6,1
"475",20180420,18.0625,NA,1.32083333333333,NA,NA,NA,NA,NA,NA,NA
"476",20180421,18.6625,NA,1.82916666666667,NA,NA,77,43,6,6,1
"477",20180422,16.0333333333333,0.9,1.06666666666667,NA,0,40,21,3,4,0
"478",20180423,9.425,2.54166666666667,2.20833333333333,NA,1,10,7,1,1,0
"479",20180424,12.1958333333333,0.428571428571429,1.4125,NA,0,10,5,1,1,0
"480",20180425,14.2458333333333,NA,1.47083333333333,NA,NA,38.5,25,3,4,0
"481",20180426,15.0875,NA,1.87083333333333,NA,NA,49,32,4,5,1
"482",20180427,15.575,NA,1.70416666666667,NA,NA,59,40,5,6,1
"483",20180428,15.5083333333333,NA,2.025,NA,NA,63,41,5,6,1
"484",20180429,15.8708333333333,NA,1.9,NA,NA,57,33,5,5,1
"485",20180430,18.8333333333333,NA,1.5875,NA,NA,83,61,6,7,1
"486",20180501,20.3416666666667,0,1.4375,NA,0,62,47,5,6,1
"487",20180502,16.0708333333333,0.666666666666667,1.85833333333333,NA,0,45,37,4,5,1
"488",20180503,11.0166666666667,0.166666666666667,2.78333333333333,NA,0,32,14,3,2,0
"489",20180504,13.8375,NA,2.6875,NA,NA,47,16,4,3,0
"490",20180505,17.7291666666667,NA,2.725,NA,NA,43,19,4,3,0
"491",20180506,16.9166666666667,1.46666666666667,1.1,NA,1,15,10,1,2,0
"492",20180507,18.9916666666667,NA,1.20416666666667,NA,NA,39,19,3,3,0
"493",20180508,17.7583333333333,NA,1.70416666666667,NA,NA,21,7,2,1,0
"494",20180509,15.4583333333333,NA,1.69583333333333,NA,NA,25,9,2,2,0
"495",20180510,15.4708333333333,NA,2.25416666666667,NA,NA,44,22,4,4,0
"496",20180511,15.8125,NA,1.7125,NA,NA,64,41,5,6,1
"497",20180512,14.2208333333333,1.5,0.983333333333333,NA,1,31,21,3,4,0
"498",20180513,15.95,0.1,1.80833333333333,NA,0,23,16,2,3,0
"499",20180514,17.7416666666667,NA,1.39166666666667,NA,NA,73,55,5,7,1
"500",20180515,22.6875,NA,1.07916666666667,NA,NA,78,55,6,7,1
"501",20180516,22.4208333333333,2.11904761904762,1.8,NA,1,34,24,3,4,0
"502",20180517,21.1375,3.58695652173913,1.16666666666667,NA,1,14,10,1,2,0
"503",20180518,16.8958333333333,0.5,1.30416666666667,NA,0,NA,NA,NA,NA,NA
"504",20180519,17.2666666666667,NA,1.5375,NA,NA,NA,NA,NA,NA,NA
"505",20180520,17.0625,NA,1.3875,NA,NA,12,5,1,1,0
"506",20180521,17.6875,NA,1.4375,NA,NA,10,5,1,1,0
"507",20180522,18.1958333333333,1,1.05416666666667,NA,1,NA,NA,NA,NA,NA
"508",20180523,17.4541666666667,2,2.7,NA,1,NA,NA,NA,NA,NA
"509",20180524,17.9583333333333,NA,2.25833333333333,NA,NA,NA,NA,NA,NA,NA
"510",20180525,19.7541666666667,NA,1.7625,NA,NA,NA,NA,NA,NA,NA
"511",20180526,21.4791666666667,NA,1.41666666666667,NA,NA,NA,NA,NA,NA,NA
"512",20180527,20.5875,NA,1.925,NA,NA,69,28,5,5,1
"513",20180528,21.9708333333333,NA,1.54583333333333,NA,NA,53,25,5,4,1
"514",20180529,21.5375,0.25,1.87083333333333,NA,0,NA,NA,NA,NA,NA
"515",20180530,20.5375,0,1.775,NA,0,NA,NA,NA,NA,NA
"516",20180531,20.525,NA,1.94166666666667,NA,NA,NA,NA,NA,NA,NA
"517",20180601,23.7083333333333,NA,1.95416666666667,NA,NA,47,24,4,4,0
"518",20180602,23.5125,NA,1.94166666666667,NA,NA,51,32,5,5,1
"519",20180603,23.7125,NA,1.69166666666667,NA,NA,NA,NA,NA,NA,NA
"520",20180604,22.8833333333333,NA,1.75833333333333,NA,NA,44,27,4,5,1
"521",20180605,23.5666666666667,NA,1.72916666666667,NA,NA,41,30,4,5,1
"522",20180606,23.0916666666667,NA,2.0875,NA,NA,NA,NA,NA,NA,NA
"523",20180607,22.2958333333333,NA,1.94166666666667,NA,NA,NA,NA,NA,NA,NA
"524",20180608,21.7416666666667,NA,2.0625,NA,NA,NA,NA,NA,NA,NA
"525",20180609,23.6833333333333,0.1,1.38333333333333,NA,0,NA,NA,NA,NA,NA
"526",20180610,21.3041666666667,0.0625,1.37916666666667,NA,0,NA,NA,NA,NA,NA
"527",20180611,20.5583333333333,0.571428571428571,1.42083333333333,NA,0,NA,NA,NA,NA,NA
"528",20180612,21.1791666666667,0.333333333333333,1.6625,NA,0,NA,NA,NA,NA,NA
"529",20180613,21.975,0,1.45833333333333,NA,0,NA,NA,NA,NA,NA
"530",20180614,21.6541666666667,2.63636363636364,1.10833333333333,NA,1,NA,NA,NA,NA,NA
"531",20180615,21.8583333333333,3.3,1.40416666666667,NA,1,NA,NA,NA,NA,NA
"532",20180616,22.3,NA,1.475,NA,NA,NA,NA,NA,NA,NA
"533",20180617,22.7333333333333,NA,1.425,NA,NA,NA,NA,NA,NA,NA
"534",20180618,24.8,NA,1.53333333333333,NA,NA,NA,NA,NA,NA,NA
"535",20180619,22.5916666666667,NA,1.75416666666667,NA,NA,NA,NA,NA,NA,NA
"536",20180620,22.6958333333333,NA,2.4875,NA,NA,NA,NA,NA,NA,NA
"537",20180621,23.6416666666667,NA,2.15416666666667,NA,NA,NA,NA,NA,NA,NA
"538",20180622,24.6875,NA,1.72916666666667,NA,NA,50,33,4,5,1
"539",20180623,24.5708333333333,NA,1.94166666666667,NA,NA,NA,NA,NA,NA,NA
"540",20180624,25.1458333333333,NA,1.90416666666667,NA,NA,NA,NA,NA,NA,NA
"541",20180625,26.7208333333333,NA,1.14583333333333,NA,NA,NA,NA,NA,NA,NA
"542",20180626,22.9041666666667,3.4047619047619,2.225,NA,1,62,47,5,6,1
"543",20180627,22.1875,0.1,1.9625,NA,0,NA,NA,NA,NA,NA
"544",20180628,23.3875,2.65,1.16666666666667,NA,1,NA,NA,NA,NA,NA
"545",20180629,24.6625,0.722222222222222,1.475,NA,0,NA,NA,NA,NA,NA
"546",20180630,24.35,2.07142857142857,0.9125,NA,1,52,38,5,6,1
"547",20180701,22.025,4.26315789473684,0.783333333333333,NA,1,12,7,1,1,0
"548",20180702,22.4375,2.67391304347826,0.795833333333333,NA,1,11,6,1,1,0
"549",20180703,27.1166666666667,0.1,0.783333333333333,NA,0,12,7,1,1,0
"550",20180704,27.4625,NA,1.65833333333333,NA,NA,NA,NA,NA,NA,NA
"551",20180705,25.3916666666667,0.0833333333333333,1.19583333333333,NA,0,NA,NA,NA,NA,NA
"552",20180706,24.0625,NA,1.85,NA,NA,8,3,1,1,0
"553",20180707,23.7625,NA,1.575,NA,NA,9,4,1,1,0
"554",20180708,23.0041666666667,NA,1.52083333333333,NA,NA,12,6,1,1,0
"555",20180709,21.0208333333333,0.5,1.0875,NA,0,11,5,1,1,0
"556",20180710,23.3416666666667,1.95454545454545,0.6625,NA,1,23,12,2,2,0
"557",20180711,26.6208333333333,0.269230769230769,1.3125,NA,0,33.5,19,3,3,0
"558",20180712,26.775,0.111111111111111,1.5375,NA,0,28,16,2,3,0
"559",20180713,27.1666666666667,NA,1.85416666666667,NA,NA,22.5,13,2,2,0
"560",20180714,27.9125,0,1.82916666666667,NA,0,22,13,2,2,0
"561",20180715,28.2666666666667,NA,1.63333333333333,NA,NA,23,16,2,3,0
"562",20180716,28.725,NA,1.71666666666667,NA,NA,27,18,2,3,0
"563",20180717,28.0833333333333,NA,1.74583333333333,NA,NA,30,22,2,4,0
"564",20180718,28.2333333333333,NA,1.4,NA,NA,36,26,3,5,1
"565",20180719,28.5583333333333,NA,1.72083333333333,NA,NA,32,22,3,4,0
"566",20180720,29.4041666666667,NA,1.42916666666667,NA,NA,37,25,3,4,0
"567",20180721,30.5291666666667,NA,1.47083333333333,NA,NA,40,27,3,5,1
"568",20180722,31.55,NA,1.39583333333333,NA,NA,31,20,3,3,0
"569",20180723,31.6166666666667,NA,1.89166666666667,NA,NA,33,20,3,3,0
"570",20180724,31.4333333333333,NA,1.525,NA,NA,43,28,4,5,1
"571",20180725,30.2916666666667,NA,2.45416666666667,NA,NA,33,21,3,4,0
"572",20180726,29.9958333333333,NA,1.4375,NA,NA,42.5,27,4,5,1
"573",20180727,30.7625,NA,1.7125,NA,NA,48,32.5,4,5,1
"574",20180728,29.8208333333333,2.5,1.24166666666667,NA,1,40,26,3,5,1
"575",20180729,31.225,NA,1.24583333333333,NA,NA,20,13,2,2,0
"576",20180730,31.5625,NA,1.22916666666667,NA,NA,12,6,1,1,0
"577",20180731,32.525,NA,1.38333333333333,NA,NA,19,10,2,2,0
"578",20180801,33.4291666666667,NA,1.68333333333333,NA,NA,33.5,20,3,3,0
"579",20180802,33.7416666666667,NA,1.5375,NA,NA,33,20,3,3,0
"580",20180803,33.2125,NA,1.79166666666667,NA,NA,46,32,4,5,1
"581",20180804,31.1958333333333,NA,2.45416666666667,NA,NA,28,18,2,3,0
"582",20180805,29.8333333333333,0.4,2.65416666666667,NA,0,27,16.5,2,3,0
"583",20180806,30.725,0.928571428571429,1.60416666666667,NA,0,32,20,3,3,0
"584",20180807,30.5166666666667,0,1.425,NA,0,21,12,2,2,0
"585",20180808,30.9208333333333,NA,1.93333333333333,NA,NA,28,17,2,3,0
"586",20180809,28.9666666666667,0.285714285714286,1.6625,NA,0,25,17,2,3,0
"587",20180810,30.5791666666667,NA,1.3125,NA,NA,17,10,2,2,0
"588",20180811,31.0833333333333,NA,1.60833333333333,NA,NA,11,6,1,1,0
"589",20180812,30.6916666666667,2.5,1.50416666666667,NA,1,16,10,2,2,0
"590",20180813,30.2708333333333,0.333333333333333,1.425,NA,0,33,22,3,4,0
"591",20180814,31.5,NA,1.39166666666667,NA,NA,29,18,2,3,0
"592",20180815,31.55,0.5,1.11666666666667,NA,0,30,20,2,3,0
"593",20180816,30.1541666666667,NA,1.62916666666667,NA,NA,18,8,2,1,0
"594",20180817,27.0833333333333,NA,1.80416666666667,NA,NA,14,6,1,1,0
"595",20180818,26.5458333333333,NA,1.40416666666667,NA,NA,17,7,2,1,0
"596",20180819,27.8625,NA,1.225,NA,NA,25,12,2,2,0
"597",20180820,28.9541666666667,0,1.975,NA,0,37,22,3,4,0
"598",20180821,26.775,0.555555555555556,2.75833333333333,NA,0,23,13,2,2,0
"599",20180822,30.2166666666667,NA,1.14583333333333,NA,NA,26,14,2,2,0
"600",20180823,29.6,0.208333333333333,1.6625,NA,0,14,6,1,1,0
"601",20180824,24.6333333333333,0.380952380952381,2.42916666666667,NA,0,10,4,1,1,0
"602",20180825,25.2166666666667,NA,2.55416666666667,NA,NA,25,12,2,2,0
"603",20180826,23.3083333333333,0.285714285714286,1.3,NA,0,19,10,2,2,0
"604",20180827,22.425,1.08333333333333,0.8625,NA,1,11,5,1,1,0
"605",20180828,23.8166666666667,6.82142857142857,0.9875,NA,1,12,6,1,1,0
"606",20180829,25.0125,3.07142857142857,2.43333333333333,NA,1,15,7,1,1,0
"607",20180830,25.45,0.95,1.8375,NA,0,28,18,2,3,0
"608",20180831,25.5583333333333,0.0142857142857143,1.6,NA,0,26,14,2,2,0
"609",20180901,25.4541666666667,NA,1.20833333333333,NA,NA,20,9,2,2,0
"610",20180902,24.9875,NA,1.50416666666667,NA,NA,14,6,1,1,0
"611",20180903,23.6041666666667,2.46428571428571,1.0625,NA,1,16,8,2,1,0
"612",20180904,23.2541666666667,NA,2.16666666666667,NA,NA,19,8,2,1,0
"613",20180905,23.8375,NA,2.50416666666667,NA,NA,29,10,2,2,0
"614",20180906,24.25,NA,1.89583333333333,NA,NA,37,18,3,3,0
"615",20180907,22.1583333333333,0.5,2.47916666666667,NA,0,27,13,2,2,0
"616",20180908,21.6916666666667,NA,1.66666666666667,NA,NA,26,11,2,2,0
"617",20180909,21.9583333333333,NA,1.23333333333333,NA,NA,23,10.5,2,2,0
"618",20180910,22.9458333333333,NA,1.5625,NA,NA,13,5,1,1,0
"619",20180911,21.5666666666667,NA,1.475,NA,NA,14.5,6,1,1,0
"620",20180912,22.5291666666667,NA,1.32083333333333,NA,NA,17,7,2,1,0
"621",20180913,23.4416666666667,NA,1.225,NA,NA,19,9,2,2,0
"622",20180914,23.4625,0.166666666666667,1.30416666666667,NA,0,20,10,2,2,0
"623",20180915,23.2125,0.02,0.991666666666667,NA,0,14,7,1,1,0
"624",20180916,22.3416666666667,0.117647058823529,1.74583333333333,NA,0,38,24.5,3,4,0
"625",20180917,22.3291666666667,0.0333333333333333,2.01666666666667,NA,0,30,15,2,2,0
"626",20180918,21.85,NA,1.32916666666667,NA,NA,39.5,17,3,3,0
"627",20180919,22.2041666666667,0.025,0.95,NA,0,42.5,20.5,4,3,0
"628",20180920,19.05,0.357142857142857,1.74166666666667,NA,0,16,9,2,2,0
"629",20180921,19.3666666666667,1.38461538461538,1.33333333333333,NA,1,9.5,4,1,1,0
"630",20180922,21.0083333333333,3.25,1.73333333333333,NA,1,31.5,11,3,2,0
"631",20180923,19.4125,0,1.59583333333333,NA,0,30.5,10,2,2,0
"632",20180924,17.8208333333333,NA,2.15416666666667,NA,NA,15,6,1,1,0
"633",20180925,17.4916666666667,NA,1.1,NA,NA,14.5,7,1,1,0
"634",20180926,19.425,NA,1.7375,NA,NA,8,5,1,1,0
"635",20180927,18.7916666666667,NA,1.2375,NA,NA,9,5,1,1,0
"636",20180928,17.525,NA,1.29583333333333,NA,NA,14,7,1,1,0
"637",20180929,20.075,NA,1.025,NA,NA,17,8,2,1,0
"638",20180930,17.9166666666667,NA,2.025,NA,NA,22,11,2,2,0
"639",20181001,15.4375,0,2.825,NA,0,17.5,8,2,1,0
"640",20181002,15.7833333333333,NA,1.62916666666667,NA,NA,27,13,2,2,0
"641",20181003,17.2416666666667,NA,1.2,NA,NA,27,15,2,2,0
"642",20181004,18.8958333333333,NA,1.2875,NA,NA,23,13,2,2,0
"643",20181005,17.0958333333333,2.08823529411765,1.77083333333333,NA,1,11,6,1,1,0
"644",20181006,18.0208333333333,4.03571428571429,2.19166666666667,NA,1,7,3,1,1,0
"645",20181007,16.7625,NA,1.70833333333333,NA,NA,28,11,2,2,0
"646",20181008,14.7208333333333,NA,1.1125,NA,NA,24,8,2,1,0
"647",20181009,15,0,1.1375,NA,0,26,11,2,2,0
"648",20181010,12.8125,2.33333333333333,2.39166666666667,NA,1,19,10,2,2,0
"649",20181011,9.68333333333333,NA,2.20416666666667,NA,NA,18,8,2,1,0
"650",20181012,10.8125,NA,1.24166666666667,NA,NA,25,13,2,2,0
"651",20181013,12.3958333333333,NA,1.04583333333333,NA,NA,33,19,3,3,0
"652",20181014,12.9958333333333,NA,1.375,NA,NA,34,21,3,4,0
"653",20181015,15.0916666666667,NA,1.32083333333333,NA,NA,62,36,5,5,1
"654",20181016,14.475,NA,1.2,NA,NA,54,28,5,5,1
"655",20181017,12.7833333333333,NA,1.22083333333333,NA,NA,36,17,3,3,0
"656",20181018,12.5958333333333,NA,1.125,NA,NA,17,8,2,1,0
"657",20181019,13.0958333333333,NA,1.4875,NA,NA,20,9.5,2,2,0
"658",20181020,13.4083333333333,NA,1.075,NA,NA,41,20,4,3,0
"659",20181021,13.3666666666667,NA,1.10833333333333,NA,NA,39,23,3,4,0
"660",20181022,13.9875,NA,0.941666666666667,NA,NA,50,33,4,5,1
"661",20181023,12.4958333333333,0.833333333333333,1.25833333333333,NA,0,53,32,5,5,1
"662",20181024,12.575,NA,1.27083333333333,NA,NA,42,18,4,3,0
"663",20181025,13.575,NA,0.933333333333333,NA,NA,40,20,3,3,0
"664",20181026,12.5166666666667,1,1.66666666666667,NA,1,35.5,20,3,3,0
"665",20181027,8.90833333333333,NA,3.37083333333333,NA,NA,27,6,2,1,0
"666",20181028,8.4125,0.55,1.42916666666667,NA,0,15,8,1,1,0
"667",20181029,7.39583333333333,0,2.11666666666667,NA,0,18,8,2,1,0
"668",20181030,5.89166666666667,0,1.53333333333333,NA,0,22,11,2,2,0
"669",20181031,7.52916666666667,0,1.66666666666667,NA,0,22,12,2,2,0
"670",20181101,8.34583333333333,NA,1.27083333333333,NA,NA,35,20,3,3,0
"671",20181102,10.5041666666667,NA,1.12916666666667,NA,NA,43,25,4,4,0
"672",20181103,11.2583333333333,NA,1.2375,NA,NA,54,35,5,5,1
"673",20181104,11.6666666666667,NA,1.38333333333333,NA,NA,46.5,31,4,5,1
"674",20181105,11.8625,NA,1.0625,NA,NA,60,39,5,6,1
"675",20181106,12.1375,NA,0.908333333333333,NA,NA,103,70,7,7,1
"676",20181107,12.7791666666667,0.4,1.125,NA,0,65,46,5,6,1
"677",20181108,11.7125,5.75,1.88333333333333,NA,1,10,6,1,1,0
"678",20181109,12.0291666666667,4.75,3.05416666666667,NA,1,40,24,3,4,0
"679",20181110,12.1083333333333,0,1.30416666666667,NA,0,70,45,5,6,1
"680",20181111,8.39583333333333,0,1.025,NA,0,68,43,5,6,1
"681",20181112,8.03333333333333,NA,1.19583333333333,NA,NA,32.5,17,3,3,0
"682",20181113,8.7625,NA,0.979166666666667,NA,NA,42,25,4,4,0
"683",20181114,9.69583333333333,NA,1.12083333333333,NA,NA,36.5,22.5,3,4,0
"684",20181115,9.57916666666667,NA,1.02083333333333,NA,NA,49.5,33.5,4,5,1
"685",20181116,9.00833333333333,NA,1.675,NA,NA,57.5,40,5,6,1
"686",20181117,4.98333333333333,NA,1.4625,NA,NA,32.5,19,3,3,0
"687",20181118,5.875,NA,1.14583333333333,NA,NA,37,22,3,4,0
"688",20181119,6.70416666666667,NA,1.375,NA,NA,56,33,5,5,1
"689",20181120,6.23333333333333,NA,1.8625,NA,NA,46,18.5,4,3,0
"690",20181121,6.24583333333333,0.24,1.075,NA,0,33.5,17,3,3,0
"691",20181122,2.64583333333333,NA,2.325,NA,NA,22,10,2,2,0
"692",20181123,1.68333333333333,NA,1.49166666666667,NA,NA,23,12,2,2,0
"693",20181124,2.4,3.63333333333333,1.75416666666667,4.62941176470588,1,23,14,2,2,0
"694",20181125,4.8625,NA,0.966666666666667,1.725,NA,46,34,4,5,1
"695",20181126,6.32083333333333,NA,1.02916666666667,0.29,NA,63,43,5,6,1
"696",20181127,7.06666666666667,NA,1.35,NA,NA,116,52,7,7,1
"697",20181128,5.30416666666667,NA,1.69583333333333,NA,NA,124,23,7,4,1
"698",20181129,3.44782608695652,0,1.2125,NA,0,78,21,6,4,1
"699",20181130,2.7625,NA,1.43333333333333,NA,NA,64,22,5,4,1
"700",20181201,5.36666666666667,NA,1.01666666666667,NA,NA,45,22,4,4,0
"701",20181202,7.61666666666667,NA,1.29583333333333,NA,NA,48,23,4,4,0
"702",20181203,11.5,1.35714285714286,1.40416666666667,NA,1,43,22,4,4,0
"703",20181204,7.69583333333333,1,2.6375,NA,1,35,16,3,3,0
"704",20181205,-0.154166666666667,NA,1.54583333333333,NA,NA,28,12,2,2,0
"705",20181206,2.6875,0,2.17083333333333,NA,0,38,17,3,3,0
"706",20181207,-6.60416666666667,NA,3.89583333333333,NA,NA,22,9,2,2,0
"707",20181208,-8.27083333333333,NA,2.47083333333333,NA,NA,24,9,2,2,0
"708",20181209,-7.34583333333333,NA,1.70833333333333,NA,NA,22,11,2,2,0
"709",20181210,-2.9625,NA,0.908333333333333,NA,NA,35,19,3,3,0
"710",20181211,0.0583333333333333,NA,1.16666666666667,NA,NA,43,23,4,4,0
"711",20181212,-1.6625,NA,2.20416666666667,NA,NA,46,23,4,4,0
"712",20181213,-2.0625,0.325,1.84166666666667,0.966666666666667,0,39,24,3,4,0
"713",20181214,-4.375,NA,1.74583333333333,NA,NA,33,18,3,3,0
"714",20181215,-2.75,NA,1.075,NA,NA,56,37.5,5,5,1
"715",20181216,-0.2875,0.1,0.918181818181818,0.4,0,53,40.5,5,6,1
"716",20181217,1.82916666666667,0.15,1.90416666666667,NA,0,74,48,5,6,1
"717",20181218,2.15,NA,1.33333333333333,NA,NA,46,26,4,5,1
"718",20181219,4.35833333333333,NA,1.43333333333333,NA,NA,53,30,5,5,1
"719",20181220,3.4375,NA,0.895833333333333,NA,NA,59,37,5,5,1
"720",20181221,5.025,NA,1.06666666666667,NA,NA,74,47.5,5,6,1
"721",20181222,7.0125,NA,1.42083333333333,NA,NA,86,63,6,7,1
"722",20181223,3.14166666666667,NA,2.93333333333333,NA,NA,53,29,5,5,1
"723",20181224,-2.18333333333333,NA,1.72083333333333,NA,NA,23,12,2,2,0
"724",20181225,0.0958333333333334,NA,1.29583333333333,NA,NA,34,21,3,4,0
"725",20181226,-0.645833333333333,NA,2.725,NA,NA,51,25.5,5,4,1
"726",20181227,-9.63333333333333,NA,3.67916666666667,NA,NA,26,8,2,1,0
"727",20181228,-10.8041666666667,NA,2.54583333333333,NA,NA,36,13,3,2,0
"728",20181229,-7.575,NA,2.8125,NA,NA,38.5,9,3,2,0
"729",20181230,-7.02083333333333,NA,1.26666666666667,NA,NA,32.5,17,3,3,0
"730",20181231,-5.60833333333333,NA,1.2625,NA,NA,46.5,29.5,4,5,1
"731",20190101,-4.77083333333333,NA,2.14583333333333,NA,NA,38,25,3,4,0
"732",20190102,-4.93333333333333,NA,1.6375,NA,NA,33,21,3,4,0
"733",20190103,-3.48333333333333,NA,1.35416666666667,NA,NA,38.5,22,3,4,0
"734",20190104,-1.48333333333333,NA,1.175,NA,NA,57.5,39,5,6,1
"735",20190105,-2.35,NA,2.24583333333333,NA,NA,64,41,5,6,1
"736",20190106,-2.85833333333333,NA,1.21666666666667,NA,NA,51,22,5,4,1
"737",20190107,-1.97916666666667,NA,1.40416666666667,NA,NA,55,35,5,5,1
"738",20190108,-3.2,NA,2.525,NA,NA,41,19,4,3,0
"739",20190109,-4.9125,NA,1.35,NA,NA,50.5,21,4,4,0
"740",20190110,-1.07916666666667,NA,1.475,NA,NA,57.5,32.5,5,5,1
"741",20190111,2.40833333333333,NA,0.9625,NA,NA,74,54,5,7,1
"742",20190112,2.93333333333333,NA,1.22083333333333,NA,NA,94,70,6,7,1
"743",20190113,1.32916666666667,NA,1.30416666666667,NA,NA,109,79.5,7,8,1
"744",20190114,1.1875,NA,0.85,NA,NA,159,124.5,8,8,1
"745",20190115,-0.95,0,2.69166666666667,NA,0,138,90.5,7,8,1
"746",20190116,-5.5875,0,2.2875,NA,0,47,17,4,3,0
"747",20190117,-0.333333333333333,0,1.84166666666667,NA,0,44.5,22,4,4,0
"748",20190118,0.3375,NA,1.325,NA,NA,55.5,35,5,5,1
"749",20190119,3.33333333333333,NA,1.22916666666667,NA,NA,94,66,6,7,1
"750",20190120,-0.541666666666667,NA,3.18333333333333,NA,NA,67.5,35,5,5,1
"751",20190121,-1.67916666666667,0,1.625,NA,0,43,21,4,4,0
"752",20190122,1.525,NA,1.72083333333333,NA,NA,65.5,30,5,5,1
"753",20190123,2.21666666666667,NA,2.17916666666667,NA,NA,75.5,48,5,6,1
"754",20190124,0.2,NA,1.76666666666667,NA,NA,43,21,4,4,0
"755",20190125,-1.08333333333333,NA,2.45833333333333,NA,NA,48.5,22,4,4,0
"756",20190126,-2.6125,NA,2.44166666666667,NA,NA,43,19,4,3,0
"757",20190127,-0.695833333333333,NA,1.80833333333333,NA,NA,37,21,3,4,0
"758",20190128,1.66666666666667,0,3.24166666666667,NA,0,86,25,6,4,1
"759",20190129,-0.279166666666667,NA,1.45416666666667,NA,NA,68.5,22,5,4,1
"760",20190130,1.68333333333333,NA,1.5125,NA,NA,63,32.5,5,5,1
"761",20190131,-1.39166666666667,NA,3.00833333333333,NA,NA,73.5,20.5,5,3,1
"762",20190201,-2.46666666666667,0.15,1.77083333333333,0.2,0,39,17,3,3,0
"763",20190202,1.05416666666667,NA,1.03333333333333,0.2,NA,57,33.5,5,5,1
"764",20190203,3.49583333333333,2,1.6375,NA,1,37,27,3,5,1
"765",20190204,-0.3125,NA,1.99583333333333,NA,NA,73.5,36,5,5,1
"766",20190205,2.36666666666667,NA,0.995833333333333,NA,NA,83.5,27,6,5,1
"767",20190206,4.6875,NA,1.39166666666667,NA,NA,95,34,6,5,1
"768",20190207,-0.816666666666667,0.166666666666667,3.47916666666667,0,0,62.5,32,5,5,1
"769",20190208,-6.2375,NA,2.21666666666667,NA,NA,31,16,3,3,0
"770",20190209,-5.25416666666667,NA,2.65416666666667,NA,NA,35,16,3,3,0
"771",20190210,-5.22083333333333,NA,1.7125,NA,NA,42,22,4,4,0
"772",20190211,-3.0125,NA,2.29166666666667,NA,NA,39,22,3,4,0
"773",20190212,-0.645833333333333,0,1.77916666666667,NA,0,58,38,5,6,1
"774",20190213,-1.98333333333333,NA,2.30833333333333,NA,NA,40,21,3,4,0
"775",20190214,-0.666666666666667,NA,1.43333333333333,NA,NA,50,25,4,4,0
"776",20190215,-0.654166666666667,0.366666666666667,1.87083333333333,0.857142857142857,0,39,28,3,5,1
"777",20190216,-2.42916666666667,0.1,2.55,0.491666666666667,0,59.5,50,5,6,1
"778",20190217,-1.84583333333333,NA,1.85833333333333,NA,NA,36,25,3,4,0
"779",20190218,0.475,NA,1.37916666666667,NA,NA,41,26,4,5,1
"780",20190219,1.46666666666667,0.92,1.35833333333333,1.115,0,43,33.5,4,5,1
"781",20190220,1.9,0,2.09583333333333,0.4,0,57,48.5,5,6,1
"782",20190221,2.19166666666667,NA,1.48333333333333,NA,NA,77,63,6,7,1
"783",20190222,3.77083333333333,NA,1.49583333333333,NA,NA,74,57.5,5,7,1
"784",20190223,6.6875,NA,1.1125,NA,NA,54,39,5,6,1
"785",20190224,6.3875,NA,1.75,NA,NA,59,46,5,6,1
"786",20190225,4.7875,NA,2.275,NA,NA,85.5,64,6,7,1
"787",20190226,4.8375,NA,1.55416666666667,NA,NA,53,27,5,5,1
"788",20190227,8.04583333333333,NA,1.5625,NA,NA,68.5,45,5,6,1
"789",20190228,6.675,NA,1.85833333333333,NA,NA,89.5,59.5,6,7,1
"790",20190301,6.68333333333333,NA,2.025,NA,NA,117,83.5,7,8,1
"791",20190302,7.6375,NA,1.06666666666667,NA,NA,118.5,85.5,7,8,1
"792",20190303,9.175,NA,1.52083333333333,NA,NA,101,72.5,7,7,1
"793",20190304,10.0083333333333,NA,1.83333333333333,NA,NA,161,115,8,8,1
"794",20190305,8.24583333333333,NA,1.92083333333333,NA,NA,188,141.5,8,8,1
"795",20190306,8.47083333333333,NA,1.89583333333333,NA,NA,145,104,7,8,1
"796",20190307,7.27916666666667,NA,2.275,NA,NA,59,41.5,5,6,1
"797",20190308,6.10416666666667,NA,1.99583333333333,NA,NA,53,28,5,5,1
"798",20190309,6.675,NA,1.4625,NA,NA,NA,NA,NA,NA,NA
"799",20190310,10.0958333333333,NA,1.17083333333333,NA,NA,NA,NA,NA,NA,NA
"800",20190311,6.6875,0,1.75,NA,0,NA,NA,NA,NA,NA
"801",20190312,4.3875,0,2.75833333333333,NA,0,NA,NA,NA,NA,NA
"802",20190313,3.27083333333333,0,3.2375,NA,0,NA,NA,NA,NA,NA
"803",20190314,4.5875,0,1.9,NA,0,41.5,19,4,3,0
"804",20190315,5.90833333333333,1.75,1.52916666666667,NA,1,70.5,40,5,6,1
"805",20190316,4.10833333333333,0,1.91666666666667,NA,0,NA,NA,NA,NA,NA
"806",20190317,6.3375,NA,2.02916666666667,NA,NA,NA,NA,NA,NA,NA
"807",20190318,6.91666666666667,NA,1.35833333333333,NA,NA,39.5,23,3,4,0
"808",20190319,9.6375,NA,1.46666666666667,NA,NA,63.5,39,5,6,1
"809",20190320,10.2041666666667,3.46666666666667,1.30833333333333,NA,1,100,72,6,7,1
"810",20190321,7.7875,2.35,2.8625,NA,1,32,23.5,3,4,0
"811",20190322,3.325,NA,2.94166666666667,NA,NA,40,19.5,3,3,0
"812",20190323,3.35416666666667,0.85,2.425,NA,0,25.5,15,2,2,0
"813",20190324,4.1,NA,2.34166666666667,NA,NA,28.5,13,2,2,0
"814",20190325,6.95416666666667,NA,2.0375,NA,NA,48,28,4,5,1
"815",20190326,11.3375,NA,1.95833333333333,NA,NA,56.5,33,5,5,1
"816",20190327,11.625,NA,3.0375,NA,NA,93,58,6,7,1
"817",20190328,9.5125,NA,2.725,NA,NA,84,52,6,7,1
"818",20190329,9.29583333333333,NA,2.05833333333333,NA,NA,40,19,3,3,0
"819",20190330,5.34166666666667,0.257142857142857,3.12083333333333,NA,0,35,23,3,4,0
"820",20190331,4.4,0,3.1625,NA,0,44,26,4,5,1
"821",20190401,5.2,NA,2.53333333333333,NA,NA,24.5,12,2,2,0
"822",20190402,6.525,NA,2.25833333333333,NA,NA,32.5,17,3,3,0
"823",20190403,7.49166666666667,NA,2.22083333333333,NA,NA,39.5,22,3,4,0
"824",20190404,8.9625,NA,2.475,NA,NA,36,19.5,3,3,0
"825",20190405,11.3625,0,2.87916666666667,NA,0,77,23,6,4,1
"826",20190406,9.30833333333333,0.133333333333333,1.0875,NA,0,64.5,20,5,3,1
"827",20190407,12.3166666666667,NA,1.69583333333333,NA,NA,38,15,3,2,0
"828",20190408,11.7208333333333,NA,2.50833333333333,NA,NA,38,13,3,2,0
"829",20190409,9.59583333333333,1.72222222222222,2.2875,NA,1,27.5,11,2,2,0
"830",20190410,7.0625,0.441176470588235,1.8125,NA,0,8,5,1,1,0
"831",20190411,9.41666666666667,NA,1.8125,NA,NA,28,16,2,3,0
"832",20190412,11.2708333333333,NA,2.3125,NA,NA,50,30,4,5,1
"833",20190413,11.675,NA,1.8625,NA,NA,49.5,32,4,5,1
"834",20190414,9.80416666666667,0.242857142857143,2.14166666666667,NA,0,39,21,3,4,0
"835",20190415,11.2125,NA,1.74166666666667,NA,NA,53,16.5,5,3,1
"836",20190416,14.575,NA,1.74166666666667,NA,NA,50,22,4,4,0
"837",20190417,15.2416666666667,NA,1.8125,NA,NA,42,20,4,3,0
"838",20190418,12.8833333333333,0,1.92083333333333,NA,0,38,20,3,3,0
"839",20190419,13.6916666666667,NA,1.52916666666667,NA,NA,43,21.5,4,4,0
"840",20190420,14.1041666666667,0.15,1.8125,NA,0,45.5,22.5,4,4,0
"841",20190421,14.9416666666667,0.18,1.8875,NA,0,31.5,21.5,3,4,0
"842",20190422,18.7833333333333,NA,1.50833333333333,NA,NA,89.5,36,6,5,1
"843",20190423,20.2625,NA,1.29166666666667,NA,NA,95,41,6,6,1
"844",20190424,19.5416666666667,0.455555555555556,1.6375,NA,0,58,37,5,5,1
"845",20190425,13.8,0.838461538461538,2.05416666666667,NA,0,42.5,18,4,3,0
"846",20190426,8.70416666666667,0.294444444444444,1.50833333333333,NA,0,10.5,6,1,1,0
"847",20190427,11.0375,NA,1.72916666666667,NA,NA,19,10,2,2,0
"848",20190428,12.9416666666667,0,1.7125,NA,0,20,13,2,2,0
"849",20190429,12.8375,NA,0.891666666666667,NA,NA,24.5,15,2,2,0
"850",20190430,15.3291666666667,NA,1.64166666666667,NA,NA,36,21,3,4,0
"851",20190501,16.1916666666667,NA,2.15,NA,NA,61.5,26,5,5,1
"852",20190502,17.1208333333333,NA,2.47083333333333,NA,NA,57.5,15,5,2,1
"853",20190503,17.8083333333333,NA,1.63333333333333,NA,NA,61,28,5,5,1
"854",20190504,19.2666666666667,NA,1.69166666666667,NA,NA,92.5,57,6,7,1
"855",20190505,19.4208333333333,NA,2.15,NA,NA,65,41.5,5,6,1
"856",20190506,14.6083333333333,0,3.13333333333333,NA,0,35,10,3,2,0
"857",20190507,14.9708333333333,NA,2.34583333333333,NA,NA,50,17,4,3,0
"858",20190508,15.5125,NA,2.47916666666667,NA,NA,54,22.5,5,4,1
"859",20190509,16.6375,NA,2.325,NA,NA,49.5,23.5,4,4,0
"860",20190510,17.5666666666667,NA,1.91666666666667,NA,NA,62.5,33.5,5,5,1
"861",20190511,20.1416666666667,NA,1.85416666666667,NA,NA,69,36,5,5,1
"862",20190512,21.475,NA,1.54166666666667,NA,NA,59.5,37.5,5,5,1
"863",20190513,18.8208333333333,0,1.55416666666667,NA,0,58.5,36.5,5,5,1
"864",20190514,19.5541666666667,NA,1.4125,NA,NA,46,31,4,5,1
"865",20190515,20.6,NA,1.7625,NA,NA,69,45,5,6,1
"866",20190516,23.2375,NA,1.54583333333333,NA,NA,70.5,43.5,5,6,1
"867",20190517,23.4375,NA,1.20416666666667,NA,NA,56.5,38.5,5,6,1
"868",20190518,22.8583333333333,0,2.13333333333333,NA,0,32,17,3,3,0
"869",20190519,19.6208333333333,1.04761904761905,1.11666666666667,NA,1,14,10,1,2,0
"870",20190520,16.95,2.175,3.2,NA,1,39,12,3,2,0
"871",20190521,17.0958333333333,NA,3.00833333333333,NA,NA,52,17,5,3,1
"872",20190522,19.2375,NA,2.31666666666667,NA,NA,57.5,27,5,5,1
"873",20190523,21.925,NA,1.79166666666667,NA,NA,74,42.5,5,6,1
"874",20190524,24.1083333333333,NA,1.65833333333333,NA,NA,85,52,6,7,1
"875",20190525,23.5041666666667,NA,1.65,NA,NA,86,56,6,7,1
"876",20190526,24.4541666666667,NA,1.7375,NA,NA,41,23,4,4,0
"877",20190527,18.55,0.473333333333333,2.60416666666667,NA,0,23,14,2,2,0
"878",20190528,17.9583333333333,NA,2.49583333333333,NA,NA,23,8,2,1,0
"879",20190529,20.0416666666667,NA,1.925,NA,NA,49.5,22.5,4,4,0
"880",20190530,19.7166666666667,0,2.39166666666667,NA,0,47.5,24.5,4,4,0
"881",20190531,19.2458333333333,0,2.8375,NA,0,21,11,2,2,0
"882",20190601,18.8291666666667,NA,2.06666666666667,NA,NA,34,23.5,3,4,0
"883",20190602,20.9041666666667,NA,1.73333333333333,NA,NA,38,23,3,4,0
"884",20190603,22.8166666666667,NA,1.74166666666667,NA,NA,40.5,22,3,4,0
"885",20190604,22.8333333333333,NA,2.14166666666667,NA,NA,30,19,2,3,0
"886",20190605,22.8791666666667,NA,1.80833333333333,NA,NA,52,33,5,5,1
"887",20190606,21.2875,0.822222222222222,1.21666666666667,NA,0,60,38,5,6,1
"888",20190607,20.0125,2.52857142857143,1.93333333333333,NA,1,13,8,1,1,0
"889",20190608,21.6958333333333,NA,1.3625,NA,NA,26,16,2,3,0
"890",20190609,21.85,0.625,1.80833333333333,NA,0,37,29,3,5,1
"891",20190610,18.4083333333333,0.95,1.51666666666667,NA,0,11,5,1,1,0
"892",20190611,20.4958333333333,NA,1.49166666666667,NA,NA,13,7,1,1,0
"893",20190612,21.5583333333333,NA,1.83333333333333,NA,NA,33,17,3,3,0
"894",20190613,22.7958333333333,NA,1.71666666666667,NA,NA,32,19,3,3,0
"895",20190614,22.9458333333333,NA,1.7875,NA,NA,34,22,3,4,0
"896",20190615,22.0125,2.1,2.5375,NA,1,38,20.5,3,3,0
"897",20190616,21.6625,NA,1.6375,NA,NA,17,10,2,2,0
"898",20190617,21.7916666666667,0,2.33333333333333,NA,0,24.5,15,2,2,0
"899",20190618,20.6166666666667,0.92,1.46666666666667,NA,0,32.5,20.5,3,3,0
"900",20190619,21.3666666666667,0.0285714285714286,1.85833333333333,NA,0,34,24.5,3,4,0
"901",20190620,22.75,NA,1.84583333333333,NA,NA,28.5,19,2,3,0
"902",20190621,22.0458333333333,0.1,1.74166666666667,NA,0,27,18,2,3,0
"903",20190622,23.9041666666667,NA,1.5375,NA,NA,13,6,1,1,0
"904",20190623,24.8833333333333,NA,1.75,NA,NA,12,7,1,1,0
"905",20190624,25.3625,NA,1.85833333333333,NA,NA,23,13,2,2,0
"906",20190625,25.475,NA,1.64583333333333,NA,NA,32,20.5,3,3,0
"907",20190626,25.3541666666667,0,1.3125,NA,0,35,24,3,4,0
"908",20190627,25.5375,0.2,1.45416666666667,NA,0,19.5,14,2,2,0
"909",20190628,24.9583333333333,0,1.71666666666667,NA,0,43,32,4,5,1
"910",20190629,23.0375,0.15,1.07083333333333,NA,0,26,19,2,3,0
"911",20190630,23.9833333333333,0,2.34166666666667,NA,0,32.5,25,3,4,0
"912",20190701,23.9666666666667,NA,2.29166666666667,NA,NA,35,25,3,4,0
"913",20190702,24.2875,NA,2.25833333333333,NA,NA,31,22,3,4,0
"914",20190703,24.175,NA,1.79166666666667,NA,NA,33,24,3,4,0
"915",20190704,25.3541666666667,NA,2.0375,NA,NA,32,21,3,4,0
"916",20190705,27.2958333333333,0,1.45416666666667,NA,0,35,22,3,4,0
"917",20190706,29.8666666666667,0,1.54166666666667,NA,0,30,21,2,4,0
"918",20190707,26.8583333333333,NA,2.26666666666667,NA,NA,18,12,2,2,0
"919",20190708,25.125,NA,1.9625,NA,NA,10,5,1,1,0
"920",20190709,25.1125,NA,1.8375,NA,NA,11,6,1,1,0
"921",20190710,22.7875,0.82,2.125,NA,0,11,6,1,1,0
"922",20190711,21.7875,0.228571428571429,1.29583333333333,NA,0,8,3,1,1,0
"923",20190712,23.4666666666667,0,2.00416666666667,NA,0,14,8,1,1,0
"924",20190713,24.8708333333333,0,1.65833333333333,NA,0,32,25,3,4,0
"925",20190714,25.7583333333333,NA,1.65,NA,NA,42,36,4,5,1
"926",20190715,23.8708333333333,1.08571428571429,1.05,NA,1,42,31.5,4,5,1
"927",20190716,24.3583333333333,1.28,1.38333333333333,NA,1,34,24,3,4,0
"928",20190717,25.5416666666667,0.7,1.17916666666667,NA,0,60,47,5,6,1
"929",20190718,27.0416666666667,NA,1.12083333333333,NA,NA,64,53,5,7,1
"930",20190719,28.375,0,1.44583333333333,NA,0,33,25,3,4,0
"931",20190720,28.3083333333333,0.122222222222222,2.09583333333333,NA,0,9,5,1,1,0
"932",20190721,25.2583333333333,0.413333333333333,2.27083333333333,NA,0,15,9.5,1,2,0
"933",20190722,26.6833333333333,0.0333333333333333,2.13333333333333,NA,0,43,32,4,5,1
"934",20190723,27.9041666666667,NA,1.7375,NA,NA,28,17,2,3,0
"935",20190724,26.4416666666667,0.0666666666666667,1.59166666666667,NA,0,23.5,15,2,2,0
"936",20190725,26.3541666666667,0.646666666666667,1.25,NA,0,24,17,2,3,0
"937",20190726,25.0583333333333,3,1.72083333333333,NA,1,18,13,2,2,0
"938",20190727,28.1,0.1,1.15,NA,0,19,13,2,2,0
"939",20190728,26.3083333333333,1.28,2.00416666666667,NA,1,15,9.5,1,2,0
"940",20190729,27.4208333333333,0.166666666666667,2.6625,NA,0,15,8,1,1,0
"941",20190730,28.0416666666667,0.171428571428571,3.44583333333333,NA,0,19,11,2,2,0
"942",20190731,25.8708333333333,3.11,2.29583333333333,NA,1,17,9,2,2,0
"943",20190801,26.4125,2.25,1.69583333333333,NA,1,14,9,1,2,0
"944",20190802,28.375,NA,1.25833333333333,NA,NA,20,12,2,2,0
"945",20190803,29.4041666666667,1,1.3625,NA,1,22,14,2,2,0
"946",20190804,28.4583333333333,2.86666666666667,1.2125,NA,1,29,21,2,4,0
"947",20190805,30.3125,NA,1.1375,NA,NA,41,30,4,5,1
"948",20190806,31.7208333333333,NA,1.55416666666667,NA,NA,30,22,2,4,0
"949",20190807,26.9833333333333,0.666666666666667,1.175,NA,0,20,13,2,2,0
"950",20190808,28.8166666666667,0,1.56666666666667,NA,0,42,30,4,5,1
"951",20190809,29.8125,NA,1.30833333333333,NA,NA,28,19,2,3,0
"952",20190810,31.4041666666667,NA,1.55,NA,NA,22.5,14,2,2,0
"953",20190811,30.7041666666667,0.68,2.48333333333333,NA,0,18,11,2,2,0
"954",20190812,26.5291666666667,2.70454545454545,1.27916666666667,NA,1,18,13,2,2,0
"955",20190813,29.1791666666667,6.4,1.375,NA,1,25,15,2,2,0
"956",20190814,30.2833333333333,NA,1.525,NA,NA,21,12,2,2,0
"957",20190815,26.3083333333333,1.62,1.33333333333333,NA,1,9,5,1,1,0
"958",20190816,25.8083333333333,0.0333333333333333,2.2125,NA,0,18,9,2,2,0
"959",20190817,26.025,0,2.6375,NA,0,33,20.5,3,3,0
"960",20190818,25.6333333333333,NA,1.64166666666667,NA,NA,23,14,2,2,0
"961",20190819,26.1458333333333,NA,1.04583333333333,NA,NA,26,16,2,3,0
"962",20190820,27.9541666666667,NA,1.34166666666667,NA,NA,30,20,2,3,0
"963",20190821,27.1666666666667,0.216666666666667,1.29166666666667,NA,0,30.5,22,2,4,0
"964",20190822,26.7583333333333,NA,1.64583333333333,NA,NA,39,26,3,5,1
"965",20190823,26.3541666666667,NA,2.125,NA,NA,33,19,3,3,0
"966",20190824,23.9583333333333,NA,1.41666666666667,NA,NA,23,11,2,2,0
"967",20190825,24.7041666666667,NA,1.625,NA,NA,21.5,13,2,2,0
"968",20190826,26.275,NA,1.2875,NA,NA,26,16,2,3,0
"969",20190827,25.7291666666667,2.85714285714286,0.941666666666667,NA,1,27,18,2,3,0
"970",20190828,26.0041666666667,NA,2.025,NA,NA,31,20,3,3,0
"971",20190829,23.5875,6.15,2.14166666666667,NA,1,29,20,2,3,0
"972",20190830,22.6166666666667,0.05,2.38333333333333,NA,0,20,10,2,2,0
"973",20190831,23.4041666666667,NA,1.90833333333333,NA,NA,20,10,2,2,0
"974",20190901,23.6291666666667,NA,1.40416666666667,NA,NA,21,13,2,2,0
"975",20190902,24.35,NA,1.5125,NA,NA,27,15,2,2,0
"976",20190903,24.1708333333333,0,2.26666666666667,NA,0,23,14,2,2,0
"977",20190904,22.7875,1.51333333333333,2.5125,NA,1,9,4,1,1,0
"978",20190905,23.1041666666667,3.03333333333333,2.0125,NA,1,11,6,1,1,0
"979",20190906,25.0416666666667,0.342857142857143,2.1,NA,0,16,8,2,1,0
"980",20190907,25.6708333333333,0.128571428571429,5.88333333333333,NA,0,NA,NA,NA,NA,NA
"981",20190908,24.6708333333333,0.05,2.07916666666667,NA,0,NA,NA,NA,NA,NA
"982",20190909,24.9166666666667,0,1.90833333333333,NA,0,37,26,3,5,1
"983",20190910,23.8833333333333,2.98095238095238,2.3875,NA,1,14,9,1,2,0
"984",20190911,24.3791666666667,1.025,3.06666666666667,NA,1,8,5,1,1,0
"985",20190912,21.2791666666667,0.354545454545455,2.74166666666667,NA,0,12,5,1,1,0
"986",20190913,22.9791666666667,0.05,1.6375,NA,0,13.5,6,1,1,0
"987",20190914,22.4541666666667,0.06,1.2375,NA,0,19,11,2,2,0
"988",20190915,24.0916666666667,NA,1.6875,NA,NA,16,10,2,2,0
"989",20190916,24.5791666666667,NA,2.1375,NA,NA,13.5,6,1,1,0
"990",20190917,23.4083333333333,NA,2.09583333333333,NA,NA,20,9,2,2,0
"991",20190918,21.4958333333333,NA,3.0625,NA,NA,34,13,3,2,0
"992",20190919,19.3875,NA,1.7375,NA,NA,29,11,2,2,0
"993",20190920,19.3833333333333,NA,1.975,NA,NA,24,10,2,2,0
"994",20190921,19.7166666666667,NA,1.975,NA,NA,16,7.5,2,1,0
"995",20190922,18.6375,0.05,3.55,NA,0,6.5,4,1,1,0
"996",20190923,20.1083333333333,NA,2.30416666666667,NA,NA,14.5,6,1,1,0
"997",20190924,19.7125,NA,1.83333333333333,NA,NA,25,12,2,2,0
"998",20190925,20.7666666666667,NA,1.40416666666667,NA,NA,31,16.5,3,3,0
"999",20190926,22.7291666666667,NA,1.70833333333333,NA,NA,28,16,2,3,0
"1000",20190927,22.9166666666667,NA,1.85,NA,NA,23,12,2,2,0
"1001",20190928,23.7375,NA,1.725,NA,NA,28.5,18,2,3,0
"1002",20190929,22.6583333333333,NA,1.68636363636364,NA,NA,38.5,25,3,4,0
"1003",20190930,22.4083333333333,NA,1.5125,NA,NA,51.5,33,5,5,1
"1004",20191001,22.9541666666667,NA,1.9,NA,NA,48,32,4,5,1
"1005",20191002,21.7791666666667,1.52142857142857,2.99166666666667,NA,1,24,17,2,3,0
"1006",20191003,22.375,0.64,2.81666666666667,NA,0,8.5,4,1,1,0
"1007",20191004,22.375,NA,2.12083333333333,NA,NA,27,16,2,3,0
"1008",20191005,19.2416666666667,0.12,2.88333333333333,NA,0,43,24,4,4,0
"1009",20191006,17.7458333333333,NA,2.9375,NA,NA,12,5,1,1,0
"1010",20191007,15.1083333333333,1.41111111111111,1.84583333333333,NA,1,11,7,1,1,0
"1011",20191008,15.0125,NA,2.49583333333333,NA,NA,24,10,2,2,0
"1012",20191009,13.6041666666667,NA,1.6375,NA,NA,25,9,2,2,0
"1013",20191010,14.7791666666667,NA,1.26666666666667,NA,NA,30.5,14,2,2,0
"1014",20191011,18.7291666666667,NA,1.9625,NA,NA,36,20.5,3,3,0
"1015",20191012,18.1166666666667,NA,3.50416666666667,NA,NA,25,12,2,2,0
"1016",20191013,17.05,NA,1.93333333333333,NA,NA,19,9,2,2,0
"1017",20191014,14.8,NA,2.375,NA,NA,30,15,2,2,0
"1018",20191015,14.2875,NA,1.70416666666667,NA,NA,17,9,2,2,0
"1019",20191016,14.425,NA,1.6875,NA,NA,26,17,2,3,0
"1020",20191017,15.5125,NA,1.69583333333333,NA,NA,28,19,2,3,0
"1021",20191018,16.8625,NA,2.49166666666667,NA,NA,16,11,2,2,0
"1022",20191019,17.1458333333333,NA,1.7,NA,NA,19,11,2,2,0
"1023",20191020,16.6791666666667,NA,1.24166666666667,NA,NA,38,27,3,5,1
"1024",20191021,16.9833333333333,NA,1.11666666666667,NA,NA,39,28,3,5,1
"1025",20191022,18.025,NA,1.70416666666667,NA,NA,36,26,3,5,1
"1026",20191023,16.9791666666667,NA,2.32916666666667,NA,NA,22,16,2,3,0
"1027",20191024,18.35,NA,2.625,NA,NA,27,19,2,3,0
"1028",20191025,16.9708333333333,0,2.2625,NA,0,23,13,2,2,0
"1029",20191026,10.4083333333333,NA,2.70833333333333,NA,NA,24,16,2,3,0
"1030",20191027,10.6416666666667,NA,1.7,NA,NA,24,17,2,3,0
"1031",20191028,12.6875,0.433333333333333,2.675,NA,0,32,22,3,4,0
"1032",20191029,13.0458333333333,0.25,2.4,NA,0,91,17,6,3,1
"1033",20191030,11.0208333333333,NA,1.65,NA,NA,24,12,2,2,0
"1034",20191031,14.225,NA,2.20833333333333,NA,NA,66,24,5,4,1
"1035",20191101,15.3,NA,1.8,NA,NA,86,34,6,5,1
"1036",20191102,13.35,NA,1.42083333333333,NA,NA,66,36,5,5,1
"1037",20191103,14.7375,NA,2.19583333333333,NA,NA,52,34,5,5,1
"1038",20191104,13.8666666666667,NA,2.15,NA,NA,14,8,1,1,0
"1039",20191105,12.4,NA,1.52916666666667,NA,NA,33,23,3,4,0
"1040",20191106,10.95,NA,1.8625,NA,NA,48,36,4,5,1
"1041",20191107,9.57916666666667,NA,2.57083333333333,NA,NA,45,27,4,5,1
"1042",20191108,6.74583333333333,NA,1.9,NA,NA,38,18,3,3,0
"1043",20191109,9.3625,NA,1.62083333333333,NA,NA,40,23,3,4,0
"1044",20191110,9.7875,11.8,2.09583333333333,NA,1,41,30,4,5,1
"1045",20191111,11.3583333333333,0.275,2.475,NA,0,27,18,2,3,0
"1046",20191112,9.33333333333333,NA,1.2875,NA,NA,38,25.5,3,4,0
"1047",20191113,7.75416666666667,2.5,2.775,NA,1,35,25,3,4,0
"1048",20191114,1.52083333333333,NA,3.09166666666667,NA,NA,17,5,2,1,0
"1049",20191115,5.3,2.68571428571429,2.05833333333333,NA,1,23,13,2,2,0
"1050",20191116,6.85833333333333,NA,1.575,NA,NA,31,20,3,3,0
"1051",20191117,7.8125,4.5,3.05416666666667,NA,1,27.5,15,2,2,0
"1052",20191118,5.53333333333333,5.93333333333333,3.64583333333333,NA,1,77,13,6,2,1
"1053",20191119,0.445833333333333,0,2.71666666666667,NA,0,30,9,2,2,0
"1054",20191120,0.466666666666667,NA,1.65,NA,NA,22,10,2,2,0
"1055",20191121,3.625,NA,1.85416666666667,NA,NA,37,18,3,3,0
"1056",20191122,9.52916666666667,NA,2.25833333333333,NA,NA,45,21,4,4,0
"1057",20191123,11.9208333333333,NA,1.725,NA,NA,34.5,18,3,3,0
"1058",20191124,10.3833333333333,1.26666666666667,2.10416666666667,NA,1,31,19,3,3,0
"1059",20191125,2.14583333333333,NA,2.6125,NA,NA,26,14,2,2,0
"1060",20191126,6.3875,NA,1.9,NA,NA,26,15,2,2,0
"1061",20191127,3.47083333333333,NA,2.8,NA,NA,39,21,3,4,0
"1062",20191128,3.5125,NA,1.92083333333333,NA,NA,37.5,20,3,3,0
"1063",20191129,1.49583333333333,NA,2.125,NA,NA,45,23,4,4,0
"1064",20191130,3.79166666666667,NA,1.7375,NA,NA,46,28,4,5,1
"1065",20191201,4.89583333333333,0.471428571428571,1.55416666666667,NA,0,41,28,4,5,1
"1066",20191202,0.333333333333333,0,3.20833333333333,NA,0,23,13,2,2,0
"1067",20191203,-0.025,0,1.46666666666667,NA,0,29,16,2,3,0
"1068",20191204,2.34583333333333,0.3,1.91666666666667,NA,0,29,15,2,2,0
"1069",20191205,-3.69583333333333,NA,3.2,NA,NA,26,14,2,2,0
"1070",20191206,-6.2,NA,1.7625,NA,NA,NA,NA,NA,NA,NA
"1071",20191207,-2.50416666666667,0.0333333333333333,1.69166666666667,0,0,NA,NA,NA,NA,NA
"1072",20191208,-1.03333333333333,NA,1.49583333333333,NA,NA,NA,NA,NA,NA,NA
"1073",20191209,2.52916666666667,0,2.45,NA,0,NA,NA,NA,NA,NA
"1074",20191210,8.12083333333333,0.85,1.22083333333333,NA,0,NA,NA,NA,NA,NA
"1075",20191211,6.94583333333333,0.1,3.2625,NA,0,NA,NA,NA,NA,NA
"1076",20191212,-0.520833333333333,NA,1.91818181818182,NA,NA,NA,NA,NA,NA,NA
"1077",20191213,1.50833333333333,NA,1.83333333333333,NA,NA,NA,NA,NA,NA,NA
"1078",20191214,2.96666666666667,0.5,2.4,NA,0,NA,NA,NA,NA,NA
"1079",20191215,4.97083333333333,NA,1.98571428571429,NA,NA,NA,NA,NA,NA,NA
"1080",20191216,7.3375,NA,1.85,NA,NA,NA,NA,NA,NA,NA
"1081",20191217,8.27916666666667,3.26666666666667,2.3125,NA,1,NA,NA,NA,NA,NA
