"","date","mean_Temp","mean_Precipi","mean_Wind","mean_Snow","median_Temp","median_Precipi","median_Wind","median_Snow","max_Temp","max_Precipi","max_Wind","max_Snow"
"1","20170101",2.40416666666667,NA,1.60833333333333,NA,3.2,NA,1.5,NA,6.9,NA,2.6,NA
"2","20170102",5.24166666666667,0.15,2.22083333333333,NA,4.2,0.15,2.15,NA,9.2,NA,3.6,NA
"3","20170103",2.10833333333333,NA,1.90833333333333,NA,1.75,NA,1.85,NA,7.2,NA,3.7,NA
"4","20170104",4.0375,NA,1.70833333333333,NA,2.7,NA,1.15,NA,8.7,NA,3.5,NA
"5","20170105",3.6,NA,3.05833333333333,NA,4.35,NA,3.25,NA,7.2,NA,5,NA
"6","20170106",5.60416666666667,NA,2.32916666666667,NA,4.5,NA,1.95,NA,11,NA,4.2,NA
"7","20170107",4.40833333333333,NA,1.4625,NA,3.95,NA,1.4,NA,9.4,NA,2.9,NA
"8","20170108",6.57916666666667,0,2.58333333333333,NA,5.7,0,2.7,NA,10.6,NA,4.2,NA
"9","20170109",2.13333333333333,0,3.20833333333333,NA,2.6,0,3.3,NA,4,NA,4.2,NA
"10","20170110",-3.225,NA,3.11666666666667,NA,-3.8,NA,2.85,NA,0.8,NA,6.2,NA
"11","20170111",-4.27916666666667,NA,2.08333333333333,NA,-2.85,NA,2.05,NA,1,NA,4.4,NA
"12","20170112",-1.67916666666667,0,3.1375,0.1,-1.25,0,3.4,0.1,0.9,NA,5.7,NA
"13","20170113",-5.8375,0.3,2.7625,0.78,-6.65,0.3,2.4,0.8,-1.4,NA,5.9,NA
"14","20170114",-8.31666666666667,NA,3.75,NA,-8.65,NA,3.55,NA,-5.5,NA,5.5,NA
"15","20170115",-6.85833333333333,NA,2.35,NA,-6.05,NA,2.2,NA,-1.1,NA,4.1,NA
"16","20170116",-3.73333333333333,NA,1.36666666666667,NA,-3.65,NA,1.35,NA,3,NA,2.4,NA
"17","20170117",-2.26666666666667,NA,1.45833333333333,NA,-1.55,NA,1.4,NA,3.1,NA,2.3,NA
"18","20170118",-0.4125,0,1.29583333333333,NA,-0.7,0,1.3,NA,2.5,NA,2.9,NA
"19","20170119",-1.26666666666667,NA,1.5625,NA,-1.5,NA,1.4,NA,4.6,NA,4.3,NA
"20","20170120",-3.85416666666667,1.33333333333333,2.875,4.91428571428571,-4.05,0.6,2.85,4.6,-1.4,NA,5.7,NA
"21","20170121",-5.525,0.28,1.52916666666667,4.04583333333333,-4.2,0,1.5,4.2,-1,NA,2.7,4.8
"22","20170122",-7.5625,0.35,3.5875,4.60416666666667,-7.8,0.35,3.55,4.55,-3.3,NA,4.8,5.7
"23","20170123",-8.9,NA,2.3,2.925,-8.7,NA,2.2,2.9,-4.3,NA,3.6,3.5
"24","20170124",-7.125,NA,1.875,2.0875,-6.85,NA,2,2,-1.7,NA,3.3,2.3
"25","20170125",-5.3625,NA,1.57083333333333,1.75833333333333,-5.3,NA,1.35,1.9,0.1,NA,3.8,1.9
"26","20170126",-2.04166666666667,NA,2.18333333333333,1.35416666666667,-1.25,NA,2.1,1.4,3,NA,5.1,1.5
"27","20170127",-1.8125,1.65,3.48333333333333,0.9,-2.3,1.65,3.3,0.9,3.2,NA,5.9,NA
"28","20170128",-2.07916666666667,NA,1.83333333333333,NA,-0.65,NA,2,NA,4,NA,2.6,NA
"29","20170129",0.995833333333333,0.82,1.79166666666667,1.35714285714286,1.1,0.8,1.9,1.6,2.5,NA,3.2,NA
"30","20170130",-4.28333333333333,0.25,3.43333333333333,1.88333333333333,-4.6,0.25,3.4,1.95,-0.9,NA,5.1,2.2
"31","20170131",-5.49583333333333,NA,1.70416666666667,1.23333333333333,-5.05,NA,1.8,1.45,-0.2,NA,2.9,1.5
"32","20170201",-3.7625,NA,2.49166666666667,0.723076923076923,-4.6,NA,2.9,0.8,0.1,NA,4.5,NA
"33","20170202",-3.24166666666667,NA,2.71666666666667,NA,-1.5,NA,2.45,NA,3,NA,5.5,NA
"34","20170203",1.55416666666667,NA,1.5375,NA,0.65,NA,1.4,NA,6.5,NA,3,NA
"35","20170204",0.675,NA,1.60833333333333,NA,1.55,NA,1.8,NA,3.2,NA,2.7,NA
"36","20170205",1.5,0.125,2.13333333333333,NA,1.8,0.05,2.1,NA,2.3,NA,3.8,NA
"37","20170206",-1.575,NA,3.01666666666667,NA,-2,NA,3,NA,2.1,NA,4.2,NA
"38","20170207",-2.07916666666667,NA,1.525,NA,-2,NA,1.45,NA,2.7,NA,3.1,NA
"39","20170208",-2.125,NA,2.1125,NA,-2.05,NA,2.1,NA,0.4,NA,4.7,NA
"40","20170209",-4.89583333333333,NA,3.69166666666667,NA,-5.05,NA,3.6,NA,-2.4,NA,6.3,NA
"41","20170210",-6.54166666666667,NA,4.1375,NA,-7.05,NA,4.3,NA,-2.6,NA,5.7,NA
"42","20170211",-5.0125,NA,2.7375,NA,-4.65,NA,2.7,NA,0.4,NA,4.4,NA
"43","20170212",-2.19583333333333,NA,2.17083333333333,NA,-2.05,NA,2.05,NA,3.9,NA,4.3,NA
"44","20170213",-0.0833333333333333,NA,1.55416666666667,NA,1.25,NA,1.65,NA,5.6,NA,3.7,NA
"45","20170214",0.45,NA,2.59166666666667,NA,-0.6,NA,2.95,NA,6.1,NA,3.8,NA
"46","20170215",1.5875,NA,1.4,NA,2.3,NA,1.25,NA,7.9,NA,3,NA
"47","20170216",4.86666666666667,NA,1.76666666666667,NA,5.45,NA,1.65,NA,10.2,NA,3.5,NA
"48","20170217",2.07083333333333,1.33333333333333,3.9,NA,2.3,0.5,4,NA,9.1,NA,5,NA
"49","20170218",-2.75416666666667,NA,2.86666666666667,NA,-1.75,NA,2.65,NA,2.3,NA,5.3,NA
"50","20170219",1.47083333333333,0.133333333333333,1.81666666666667,NA,2.7,0,1.75,NA,5.5,NA,3.4,NA
"51","20170220",-0.645833333333333,0.366666666666667,4.24583333333333,NA,-1.55,0.5,4.4,NA,5.3,NA,7.2,NA
"52","20170221",-1.11666666666667,NA,1.6125,NA,0.15,NA,1.55,NA,6.7,NA,3.2,NA
"53","20170222",1.79583333333333,1.02,2.52916666666667,NA,2,0.9,2.3,NA,2.8,NA,5,NA
"54","20170223",-1.225,NA,3.80416666666667,NA,-1.7,NA,3.9,NA,1.8,NA,5.9,NA
"55","20170224",-1.2375,NA,2.35,NA,0.2,NA,2.25,NA,3.5,NA,5.2,NA
"56","20170225",2.43333333333333,NA,2.31666666666667,NA,2.6,NA,2.2,NA,8.3,NA,4.6,NA
"57","20170226",3.66666666666667,NA,2.125,NA,2.8,NA,1.85,NA,9.4,NA,4.2,NA
"58","20170227",3.76666666666667,NA,1.85416666666667,NA,2.8,NA,1.7,NA,10.1,NA,3.4,NA
"59","20170228",5.10416666666667,NA,1.95833333333333,NA,5.55,NA,1.95,NA,12.2,NA,3.6,NA
"60","20170301",5.225,2,1.86666666666667,NA,4.2,2,1.75,NA,11.4,NA,5.6,NA
"61","20170302",2.02916666666667,0.75,3.19166666666667,NA,1.3,0.75,3.15,NA,5.9,NA,5.1,NA
"62","20170303",3.05833333333333,NA,2.07916666666667,NA,3.7,NA,2.05,NA,9.9,NA,3.8,NA
"63","20170304",5.59166666666667,NA,1.7625,NA,5.4,NA,1.4,NA,12.5,NA,3.5,NA
"64","20170305",5.0625,0,2.0375,NA,4.7,0,1.9,NA,10,NA,3.6,NA
"65","20170306",0.458333333333333,0.5,3.925,NA,0.25,0.5,4.15,NA,4,NA,6.2,NA
"66","20170307",-1.20833333333333,0,3.6875,NA,-1.85,0,3.7,NA,2.6,NA,5.5,NA
"67","20170308",-0.383333333333333,0,3.1125,NA,0,0,3.1,NA,4.8,NA,6,NA
"68","20170309",3.03333333333333,NA,3.2375,NA,3.25,NA,3.4,NA,10.1,NA,6.2,NA
"69","20170310",4.61666666666667,NA,2.1625,NA,4.4,NA,2.1,NA,11.8,NA,4.2,NA
"70","20170311",6.89166666666667,NA,1.84166666666667,NA,6.8,NA,1.8,NA,16.3,NA,5,NA
"71","20170312",8.15416666666667,0,1.7875,NA,7.6,0,1.5,NA,13.8,NA,4.2,NA
"72","20170313",6.79166666666667,0,2.6375,NA,6.35,0,2.45,NA,12,NA,4.9,NA
"73","20170314",5.75416666666667,NA,2.97916666666667,NA,5.1,NA,2.85,NA,10.7,NA,4.9,NA
"74","20170315",6.26666666666667,NA,2.125,NA,5.15,NA,2.2,NA,13.1,NA,4.5,NA
"75","20170316",6.24166666666667,NA,1.83333333333333,NA,5.05,NA,1.95,NA,13.4,NA,4.3,NA
"76","20170317",7.4125,NA,2.05,NA,7.2,NA,1.4,NA,15.5,NA,5.2,NA
"77","20170318",9.54583333333333,NA,2.19583333333333,NA,8.15,NA,1.9,NA,15.7,NA,5,NA
"78","20170319",10.6125,NA,1.67916666666667,NA,11,NA,1.55,NA,18.8,NA,3.5,NA
"79","20170320",10.325,NA,1.86666666666667,NA,9.55,NA,1.6,NA,15.3,NA,4.2,NA
"80","20170321",7.6375,NA,3.1375,NA,7.15,NA,3,NA,11.9,NA,6.1,NA
"81","20170322",7.36666666666667,NA,2.525,NA,7.5,NA,2.75,NA,13.3,NA,4.3,NA
"82","20170323",9.075,NA,2.3,NA,8.4,NA,2.1,NA,14.1,NA,4.6,NA
"83","20170324",8.675,NA,2.0625,NA,8.55,NA,2,NA,14.6,NA,3.8,NA
"84","20170325",8.325,NA,2.23333333333333,NA,7.15,NA,2.4,NA,12.5,NA,4.5,NA
"85","20170326",7.225,NA,2.14166666666667,NA,6.2,NA,2.1,NA,11.1,NA,4.1,NA
"86","20170327",6.225,0.2,2.65833333333333,NA,5.75,0.2,2.25,NA,9.7,NA,7.6,NA
"87","20170328",7.02083333333333,NA,1.88333333333333,NA,6.85,NA,1.7,NA,12.5,NA,3.9,NA
"88","20170329",8.73333333333333,NA,2.29583333333333,NA,8,NA,2.35,NA,14.3,NA,3.9,NA
"89","20170330",10.2083333333333,NA,1.84583333333333,NA,10.7,NA,1.45,NA,16.9,NA,3.9,NA
"90","20170331",9.075,0.3,2.32916666666667,NA,9.75,0,2.3,NA,12.3,NA,4.6,NA
"91","20170401",8.5375,0.5,2.02083333333333,NA,8.55,0.5,1.95,NA,14.8,NA,4.6,NA
"92","20170402",8.84166666666667,NA,2.125,NA,8.35,NA,2,NA,15.5,NA,5,NA
"93","20170403",11.1416666666667,NA,2.04583333333333,NA,11.3,NA,1.85,NA,19,NA,4.6,NA
"94","20170404",13.6666666666667,NA,1.96666666666667,NA,14.15,NA,1.65,NA,21.4,NA,4.1,NA
"95","20170405",12.075,1.85294117647059,2.47083333333333,NA,11.9,2,2.6,NA,14.1,NA,4.4,NA
"96","20170406",10.6875,0.692307692307692,2.5,NA,10.55,0,2.7,NA,12.4,NA,3.9,NA
"97","20170407",14.2958333333333,NA,2.00416666666667,NA,13.8,NA,1.85,NA,23,NA,4.2,NA
"98","20170408",13.1166666666667,0.2,2.45416666666667,NA,12.2,0.2,2.5,NA,19.5,NA,4,NA
"99","20170409",14.6666666666667,0.133333333333333,2.89583333333333,NA,14.05,0.05,3.4,NA,20.5,NA,5.6,NA
"100","20170410",16.2916666666667,NA,2.72916666666667,NA,16.45,NA,2.8,NA,23,NA,4.3,NA
"101","20170411",15.5666666666667,NA,3.27083333333333,NA,14.55,NA,3.35,NA,19.9,NA,6,NA
"102","20170412",11.7208333333333,NA,3.65833333333333,NA,11,NA,3.65,NA,15.9,NA,6.7,NA
"103","20170413",12.3166666666667,0,2.53333333333333,NA,13,0,2.15,NA,19.1,NA,4.9,NA
"104","20170414",12.8833333333333,1,3.4875,NA,12.45,0.25,3.25,NA,17.3,NA,7.7,NA
"105","20170415",16.4,NA,2.175,NA,16.55,NA,1.95,NA,24.2,NA,4.5,NA
"106","20170416",18.4791666666667,NA,1.34090909090909,NA,19.55,NA,1.1,NA,23.9,NA,NA,NA
"107","20170417",15.3583333333333,0.785714285714286,2.21666666666667,NA,16.05,0.5,1.85,NA,17.9,NA,5,NA
"108","20170418",11.7541666666667,1.875,2.4125,NA,11.2,1.75,2.75,NA,17.2,NA,4.8,NA
"109","20170419",12.3583333333333,NA,2.75833333333333,NA,12.15,NA,2.95,NA,18.2,NA,6.3,NA
"110","20170420",13.0166666666667,0.1,2.4125,NA,11.95,0.1,2.15,NA,18.1,NA,4.3,NA
"111","20170421",12.9041666666667,NA,1.91666666666667,NA,12.5,NA,1.75,NA,18.8,NA,4.2,NA
"112","20170422",14.55,NA,1.98333333333333,NA,13.95,NA,1.75,NA,22.3,NA,4.7,NA
"113","20170423",14.8791666666667,NA,2.58333333333333,NA,14.1,NA,1.95,NA,21.1,NA,6,NA
"114","20170424",14.9458333333333,NA,2.48636363636364,NA,14.75,NA,2.1,NA,21.1,NA,NA,NA
"115","20170425",16.0791666666667,NA,2.81904761904762,NA,15.15,NA,3.2,NA,20.3,NA,NA,NA
"116","20170426",15.2041666666667,NA,3.13333333333333,NA,14.25,NA,3.05,NA,19.9,NA,5,NA
"117","20170427",13.6125,NA,3.3875,NA,12.8,NA,3.1,NA,19.4,NA,5.9,NA
"118","20170428",14.3208333333333,NA,2.89583333333333,NA,13.35,NA,2.55,NA,20.9,NA,5.3,NA
"119","20170429",16.6291666666667,NA,2.74166666666667,NA,17.35,NA,2.5,NA,23.5,NA,6,NA
"120","20170430",19.4708333333333,NA,2.60416666666667,NA,17.95,NA,2.8,NA,27.4,NA,4.3,NA
"121","20170501",19.9541666666667,NA,1.88333333333333,NA,19.85,NA,1.8,NA,28.1,NA,4.2,NA
"122","20170502",20.5375,NA,2.0875,NA,19.6,NA,2.15,NA,27.7,NA,4.4,NA
"123","20170503",21.4583333333333,NA,2.2125,NA,20.1,NA,1.85,NA,30,NA,7,NA
"124","20170504",20.8708333333333,NA,2.05833333333333,NA,21.1,NA,1.75,NA,26.7,NA,4.9,NA
"125","20170505",21.1791666666667,NA,3.1875,NA,19.75,NA,2.9,NA,26.6,NA,6.4,NA
"126","20170506",15.0458333333333,NA,3.85,NA,15.05,NA,3.65,NA,19.2,NA,7.1,NA
"127","20170507",16.4125,NA,3.22083333333333,NA,15.8,NA,2.55,NA,22.5,NA,5.7,NA
"128","20170508",17.5166666666667,NA,2.15833333333333,NA,18.15,NA,2.05,NA,23.3,NA,4.3,NA
"129","20170509",17.2291666666667,0.25,1.50833333333333,NA,16.6,0,1.35,NA,22.5,NA,3.2,NA
"130","20170510",16.5958333333333,0.357142857142857,2.25833333333333,NA,15.45,0.5,2.35,NA,20.7,NA,4.3,NA
"131","20170511",18.8583333333333,0,1.79583333333333,NA,19.5,0,1.8,NA,24.8,NA,3.3,NA
"132","20170512",19.3875,NA,2.12916666666667,NA,19.45,NA,2.35,NA,21,NA,3.8,NA
"133","20170513",16.8166666666667,3,3.13333333333333,NA,15.95,3,2.95,NA,22.6,NA,8,NA
"134","20170514",15.575,NA,3.85,NA,15.35,NA,3.65,NA,20.5,NA,6,NA
"135","20170515",15.8583333333333,0,2.75833333333333,NA,16.4,0,2.85,NA,19.6,NA,4.2,NA
"136","20170516",17.0583333333333,NA,1.9,NA,16.25,NA,1.7,NA,21.8,NA,3.9,NA
"137","20170517",18.6125,NA,2.04583333333333,NA,17.95,NA,2.15,NA,25.7,NA,4.4,NA
"138","20170518",20.2208333333333,NA,2.24166666666667,NA,20.35,NA,2.4,NA,26.8,NA,4.5,NA
"139","20170519",21.0875,NA,2.65416666666667,NA,20.2,NA,2.45,NA,27.5,NA,5,NA
"140","20170520",20.825,NA,2.40833333333333,NA,20.45,NA,2.5,NA,26.8,NA,4.7,NA
"141","20170521",21.3166666666667,NA,2.21666666666667,NA,20.5,NA,2.35,NA,27.5,NA,3.8,NA
"142","20170522",21.7333333333333,NA,2.13333333333333,NA,20.7,NA,2,NA,28,NA,4.7,NA
"143","20170523",20.0083333333333,1.125,1.90416666666667,NA,18.6,1,1.3,NA,24,NA,4.4,NA
"144","20170524",21.675,0.2,2.0625,NA,21.15,0.1,2.05,NA,27.6,NA,3.7,NA
"145","20170525",19.65,NA,3.27916666666667,NA,18.8,NA,3.45,NA,24.2,NA,6,NA
"146","20170526",17.5708333333333,NA,2.95416666666667,NA,18.05,NA,2.9,NA,23.1,NA,4.8,NA
"147","20170527",19.5208333333333,NA,2.19583333333333,NA,18.95,NA,2,NA,26.1,NA,4.4,NA
"148","20170528",20.9,NA,2.74166666666667,NA,20.9,NA,2.4,NA,27.5,NA,5.2,NA
"149","20170529",22.7708333333333,NA,2.25416666666667,NA,21.6,NA,2.1,NA,29,NA,5.1,NA
"150","20170530",23.6458333333333,NA,2.4375,NA,22.95,NA,2.15,NA,29.8,NA,4.8,NA
"151","20170531",23.1625,NA,1.91666666666667,NA,23.05,NA,1.85,NA,29.4,NA,4.1,NA
"152","20170601",23.375,NA,3.17083333333333,NA,23,NA,3.25,NA,26.9,NA,5.7,NA
"153","20170602",20.5958333333333,0,3.00833333333333,NA,19.95,0,3.25,NA,25.4,NA,4.5,NA
"154","20170603",20.5666666666667,NA,3.13333333333333,NA,19.55,NA,2.95,NA,26.4,NA,5.9,NA
"155","20170604",21.6333333333333,NA,2.64583333333333,NA,21.45,NA,3.05,NA,27.8,NA,5.2,NA
"156","20170605",23.8916666666667,0,1.93333333333333,NA,24.4,0,1.95,NA,30.1,NA,3.3,NA
"157","20170606",20.0458333333333,1.125,2.4375,NA,20.75,0.5,2.5,NA,23.9,NA,3.7,NA
"158","20170607",17.5291666666667,0.805555555555556,2.25416666666667,NA,17.9,0.5,2.4,NA,19.1,NA,3.9,NA
"159","20170608",19.9041666666667,NA,3.0375,NA,19.95,NA,2.9,NA,25.5,NA,5.2,NA
"160","20170609",20.9625,0.0166666666666667,3.27083333333333,NA,20.75,0,3.4,NA,25.4,NA,5.2,NA
"161","20170610",21.6,0.9,2.3625,NA,20.5,0.5,2.4,NA,27.3,NA,3.5,NA
"162","20170611",22.5833333333333,NA,2.22916666666667,NA,23.25,NA,2.55,NA,29.2,NA,4.3,NA
"163","20170612",22.2458333333333,NA,2.8875,NA,21.15,NA,3.05,NA,27.8,NA,4.3,NA
"164","20170613",21.4708333333333,0,2.55,NA,20.4,0,2.4,NA,25.4,NA,4.8,NA
"165","20170614",21.8041666666667,NA,2.72916666666667,NA,21.15,NA,2.85,NA,26.8,NA,4.6,NA
"166","20170615",22.9375,NA,2.5,NA,22.35,NA,2.55,NA,29.4,NA,4.4,NA
"167","20170616",25.3458333333333,NA,2.0875,NA,24.7,NA,2.05,NA,32.6,NA,3.9,NA
"168","20170617",24.2875,NA,2.44583333333333,NA,23.05,NA,2.35,NA,29.6,NA,4.7,NA
"169","20170618",24.2708333333333,NA,2.29166666666667,NA,23.55,NA,2.3,NA,31.5,NA,4.3,NA
"170","20170619",24.6875,NA,1.74166666666667,NA,24.6,NA,1.6,NA,30,NA,3.5,NA
"171","20170620",25.775,0,2.04166666666667,NA,25.9,0,2.1,NA,32.2,NA,4,NA
"172","20170621",25.625,0,2.775,NA,24.4,0,2.4,NA,31.5,NA,5.4,NA
"173","20170622",25.2,NA,2.43333333333333,NA,24.5,NA,2.05,NA,30.1,NA,4.5,NA
"174","20170623",26.7875,NA,2.04583333333333,NA,26.25,NA,1.5,NA,33.8,NA,5.4,NA
"175","20170624",24.7416666666667,0.111111111111111,1.32916666666667,NA,24.3,0,1.1,NA,27.7,NA,4.3,NA
"176","20170625",23.6625,0.571428571428571,1.57083333333333,NA,23.2,0.1,1.8,NA,28.2,NA,3.6,NA
"177","20170626",23.1208333333333,2.63636363636364,2.175,NA,22,1,2.1,NA,29.7,NA,3.5,NA
"178","20170627",24.975,0,2.14166666666667,NA,24.85,0,1.95,NA,30,NA,3.9,NA
"179","20170628",25.8666666666667,NA,2.19583333333333,NA,25.35,NA,2.15,NA,30.5,NA,3.9,NA
"180","20170629",26.1958333333333,NA,2.2125,NA,25.35,NA,2,NA,31.3,NA,4.1,NA
"181","20170630",25.8708333333333,NA,2.32083333333333,NA,25.35,NA,2.2,NA,30.7,NA,3.7,NA
"182","20170701",25.1666666666667,0.1,1.89583333333333,NA,24.15,0,1.75,NA,30.4,NA,4.1,NA
"183","20170702",24.7125,2.14583333333333,2.55416666666667,NA,24.5,0,2.7,NA,26.6,21.5,4.3,NA
"184","20170703",24.425,8.30769230769231,3.575,NA,24.45,1,3.35,NA,27.2,NA,6,NA
"185","20170704",26.6958333333333,0.0833333333333333,2.08333333333333,NA,25.85,0,1.8,NA,31.1,NA,4.7,NA
"186","20170705",27.275,NA,1.6875,NA,27.05,NA,1.45,NA,32.5,NA,4,NA
"187","20170706",27.725,8.5,1.7625,NA,26,5.25,1.5,NA,34,NA,5.1,NA
"188","20170707",26.325,1.03125,1.8375,NA,26.1,0,1.8,NA,28.2,NA,3.7,NA
"189","20170708",25.9666666666667,0.321428571428571,2.67083333333333,NA,25.9,0,2.8,NA,27.5,NA,3.9,NA
"190","20170709",26.425,1.63333333333333,1.14166666666667,NA,26.05,0,1,NA,30,NA,2.9,NA
"191","20170710",24.1166666666667,6.35416666666667,2.42916666666667,NA,23.95,2.5,2.15,NA,25.4,25,5.8,NA
"192","20170711",25.7541666666667,0.166666666666667,2.0375,NA,25.95,0,1.9,NA,30.5,NA,4.1,NA
"193","20170712",27.2375,0,2.175,NA,26.4,0,2.2,NA,30.9,NA,3.7,NA
"194","20170713",27.425,NA,1.4,NA,27.35,NA,1.35,NA,32,NA,3.4,NA
"195","20170714",28.6416666666667,0,2.125,NA,28.05,0,1.95,NA,32.7,NA,4.8,NA
"196","20170715",25.1833333333333,2.125,2.3125,NA,25.05,0.25,2.4,NA,27.3,NA,4,NA
"197","20170716",25.9875,2.25,1.50833333333333,NA,26.45,0.5,1.5,NA,28.7,NA,2.8,NA
"198","20170717",26.9416666666667,2.16666666666667,2.02083333333333,NA,26.5,0,1.9,NA,29,NA,3.7,NA
"199","20170718",26.4166666666667,0.318181818181818,1.52916666666667,NA,25.8,0.2,1.6,NA,30.3,NA,3.5,NA
"200","20170719",28.1791666666667,NA,1.7875,NA,28.2,NA,1.65,NA,33.6,NA,3.8,NA
"201","20170720",29.7583333333333,NA,2.1,NA,29.7,NA,2.25,NA,34.9,NA,3.6,NA
"202","20170721",29.7583333333333,NA,2.48333333333333,NA,29.75,NA,2.55,NA,32.2,NA,3.4,NA
"203","20170722",29.425,0.0625,2.22083333333333,NA,29.05,0,2.25,NA,32.2,NA,3.6,NA
"204","20170723",27.0791666666667,12.1363636363636,2.12916666666667,NA,27,0.5,2.25,NA,28.1,NA,3.5,NA
"205","20170724",26.3,0.5,1.26666666666667,NA,26.3,0.25,1.2,NA,27.3,NA,2.3,NA
"206","20170725",29.2875,NA,1.80416666666667,NA,29.15,NA,1.55,NA,34.9,NA,4.2,NA
"207","20170726",28.6083333333333,NA,2.725,NA,28.85,NA,2.7,NA,32.7,NA,3.8,NA
"208","20170727",27.3291666666667,0.1,1.95,NA,27.6,0,2.05,NA,29.6,NA,2.9,NA
"209","20170728",25.45,0.766666666666667,1.5,NA,25.4,0.5,1.5,NA,26.6,NA,2.5,NA
"210","20170729",27.0958333333333,0,2.29166666666667,NA,26.9,0,2.3,NA,29.9,NA,3.9,NA
"211","20170730",27.8083333333333,NA,1.88333333333333,NA,27.75,NA,1.85,NA,32.4,NA,3.2,NA
"212","20170731",25.9166666666667,0.318181818181818,1.4,NA,26,0,1.2,NA,27.1,NA,3.2,NA
"213","20170801",28.2416666666667,0.5,1.6,NA,28.7,0.5,1.65,NA,32.8,NA,3,NA
"214","20170802",30,NA,1.25,NA,30.5,NA,1.2,NA,32.9,NA,2.4,NA
"215","20170803",30.1083333333333,NA,2.30833333333333,NA,29.45,NA,2.4,NA,33.7,NA,4.3,NA
"216","20170804",30.2208333333333,NA,1.9375,NA,29.95,NA,1.9,NA,35,NA,4.1,NA
"217","20170805",31.3333333333333,0,1.79583333333333,NA,31.6,0,1.6,NA,34.5,NA,4.1,NA
"218","20170806",30.0083333333333,1.66666666666667,1.77083333333333,NA,29.6,0,1.8,NA,33.5,NA,2.8,NA
"219","20170807",29.2041666666667,NA,2.45833333333333,NA,28.05,NA,2.3,NA,34,NA,4.5,NA
"220","20170808",28.1291666666667,NA,1.92916666666667,NA,27.9,NA,1.55,NA,30.8,NA,4.2,NA
"221","20170809",27.9416666666667,0.1,2.34166666666667,NA,27.45,0,2.45,NA,31.9,NA,3.9,NA
"222","20170810",24.8416666666667,0.3125,2.07083333333333,NA,24.65,0,2,NA,26,2,3.4,NA
"223","20170811",26.8916666666667,0.125,2.42916666666667,NA,26.6,0,2.35,NA,32.2,NA,3.7,NA
"224","20170812",27.6666666666667,NA,2.07083333333333,NA,27.85,NA,2.15,NA,32.2,NA,2.8,NA
"225","20170813",26.3958333333333,0,2.71666666666667,NA,26.3,0,2.7,NA,28.4,NA,4.6,NA
"226","20170814",24.6291666666667,0.107142857142857,3.775,NA,24.3,0,3.75,NA,26.9,NA,5.3,NA
"227","20170815",22.125,4.06521739130435,3.60416666666667,NA,21.95,2,3.7,NA,24,NA,4.7,NA
"228","20170816",23.1333333333333,0.2,3.725,NA,23.2,0,3.65,NA,26.6,NA,4.9,NA
"229","20170817",24.4875,0.0833333333333333,2.09166666666667,NA,25.2,0,2.35,NA,27.5,NA,3.9,NA
"230","20170818",26.3041666666667,0,1.29166666666667,NA,25.3,0,1.35,NA,30.5,NA,3.2,NA
"231","20170819",25.9875,0,2.01666666666667,NA,26.3,0,2.1,NA,28.7,NA,3,NA
"232","20170820",23.3125,5.14583333333333,2.85833333333333,NA,23.6,3,3.25,NA,25.8,21,4.1,NA
"233","20170821",25.6916666666667,0.75,2.37916666666667,NA,25.7,0.65,2.15,NA,29,NA,5.3,NA
"234","20170822",27.1083333333333,NA,2.01666666666667,NA,26.8,NA,2.2,NA,31.3,NA,3.3,NA
"235","20170823",26.9291666666667,2.25,2.675,NA,27.2,0.5,1.7,NA,30.2,NA,5.9,NA
"236","20170824",26.7083333333333,0.875,3.96666666666667,NA,27,0.25,4.1,NA,28,NA,7.4,NA
"237","20170825",25.4916666666667,NA,1.7625,NA,24.25,NA,1.35,NA,30.2,NA,4.3,NA
"238","20170826",24.1791666666667,NA,1.96666666666667,NA,23.9,NA,1.95,NA,28.9,NA,4.1,NA
"239","20170827",22.5958333333333,0,1.45416666666667,NA,22.65,0,1.45,NA,26.5,NA,2.4,NA
"240","20170828",21.9208333333333,1.28571428571429,1.5375,NA,21.3,0.3,1.3,NA,26.4,NA,4.4,NA
"241","20170829",19.6291666666667,NA,3.37083333333333,NA,18.8,NA,3.3,NA,23.7,NA,5.3,NA
"242","20170830",19.5375,NA,1.52916666666667,NA,20.15,NA,1.2,NA,23.4,NA,3.5,NA
"243","20170831",22.0375,NA,1.5625,NA,22.1,NA,1.3,NA,27.3,NA,4,NA
"244","20170901",23.1708333333333,NA,2.1375,NA,22.95,NA,2.05,NA,29.4,NA,3.9,NA
"245","20170902",23.6375,NA,1.86666666666667,NA,23.4,NA,1.9,NA,29.2,NA,3.5,NA
"246","20170903",23.8125,NA,1.64583333333333,NA,23.65,NA,1.75,NA,28.9,NA,2.8,NA
"247","20170904",24.4708333333333,NA,1.6,NA,24.15,NA,1.6,NA,30.1,NA,3,NA
"248","20170905",22.0833333333333,0,1.85,NA,22.1,0,1.8,NA,23.7,NA,3.2,NA
"249","20170906",20.825,0.166666666666667,1.15833333333333,NA,20.3,0,1,NA,23.9,NA,2.5,NA
"250","20170907",22.0208333333333,NA,1.53333333333333,NA,22.3,NA,1.55,NA,27.2,NA,3.2,NA
"251","20170908",24.2208333333333,NA,1.65833333333333,NA,23.2,NA,1.7,NA,29.6,NA,3.5,NA
"252","20170909",23.8291666666667,NA,1.37916666666667,NA,23.25,NA,1.35,NA,28.2,NA,3.1,NA
"253","20170910",22.9416666666667,0.025,1.30416666666667,NA,23.1,0,1.4,NA,26,NA,2,NA
"254","20170911",21.3083333333333,2.03333333333333,1.78333333333333,NA,21.4,0.5,1.7,NA,24.5,NA,3.9,NA
"255","20170912",22.1291666666667,NA,1.8375,NA,21.55,NA,1.6,NA,27.2,NA,4.7,NA
"256","20170913",21.3583333333333,NA,1.80416666666667,NA,20.8,NA,1.85,NA,26.8,NA,3.7,NA
"257","20170914",22.0458333333333,NA,1.62083333333333,NA,22.3,NA,1.55,NA,29.2,NA,3,NA
"258","20170915",22.6458333333333,NA,3.44583333333333,NA,22.35,NA,3.4,NA,27.6,NA,5.6,NA
"259","20170916",21.9375,NA,3.70416666666667,NA,21.55,NA,3.75,NA,27.2,NA,4.6,NA
"260","20170917",23.0666666666667,NA,2.82083333333333,NA,22,NA,2.9,NA,29.2,NA,4,NA
"261","20170918",21.725,NA,1.97916666666667,NA,21.45,NA,1.75,NA,27.4,NA,3.6,NA
"262","20170919",22.6833333333333,4,3.1375,NA,22.75,4,2.75,NA,25.6,NA,6.2,NA
"263","20170920",19.6041666666667,NA,2.38333333333333,NA,19.7,NA,2.5,NA,24.8,NA,4.2,NA
"264","20170921",20.2708333333333,NA,1.54166666666667,NA,19.85,NA,1.55,NA,26.8,NA,2.3,NA
"265","20170922",20.5166666666667,NA,2.14166666666667,NA,20,NA,2,NA,26.7,NA,3.8,NA
"266","20170923",21.7125,0,1.62916666666667,NA,21.25,0,1.5,NA,27,NA,3.3,NA
"267","20170924",22.375,0,1.90416666666667,NA,21.8,0,1.85,NA,27.7,NA,3.9,NA
"268","20170925",23.2541666666667,NA,1.26666666666667,NA,23.25,NA,1.2,NA,29.8,NA,2.3,NA
"269","20170926",24.504347826087,0,1.83809523809524,NA,24.9,0,1.9,NA,NA,NA,NA,NA
"270","20170927",23.125,0.0416666666666667,1.89166666666667,NA,22.95,0,1.95,NA,27.1,NA,4.2,NA
"271","20170928",19.7708333333333,NA,2.8,NA,19.15,NA,2.85,NA,24.9,NA,5.3,NA
"272","20170929",17.1041666666667,NA,2.10416666666667,NA,17.45,NA,2.1,NA,23,NA,4.2,NA
"273","20170930",19.8583333333333,NA,1.46666666666667,NA,20,NA,1.4,NA,25.7,NA,3.6,NA
"274","20171001",18.2125,0.272727272727273,2.2625,NA,18.15,0,1.85,NA,21.1,NA,3.9,NA
"275","20171002",21.7,0.5,2.42083333333333,NA,21.45,0.5,2.3,NA,29,NA,4.8,NA
"276","20171003",17.9541666666667,NA,2.4,NA,17.45,NA,2.4,NA,23.2,NA,4.5,NA
"277","20171004",16.6708333333333,NA,1.69583333333333,NA,16.45,NA,1.6,NA,24.2,NA,4.4,NA
"278","20171005",18.4041666666667,NA,2.1625,NA,19.2,NA,2.15,NA,23.3,NA,3.2,NA
"279","20171006",18.8666666666667,0.1,2.35,NA,18.45,0,2.45,NA,23.1,NA,3.7,NA
"280","20171007",21.3708333333333,0.025,1.1875,NA,21.65,0,1.2,NA,28.3,NA,2.6,NA
"281","20171008",23.0083333333333,NA,1.51666666666667,NA,22,NA,1.35,NA,28.3,NA,3,NA
"282","20171009",22.5791666666667,0,1.44583333333333,NA,21.3,0,1.45,NA,26.7,NA,2.5,NA
"283","20171010",21.2916666666667,0.02,1.13333333333333,NA,21.75,0,0.95,NA,24.6,NA,3.2,NA
"284","20171011",16.2833333333333,1.69166666666667,3.05,NA,16.15,1,3.1,NA,21.7,NA,4.4,NA
"285","20171012",11.5904761904762,NA,2.07619047619048,NA,11.6,NA,1.8,NA,NA,NA,NA,NA
"286","20171013",12.3916666666667,NA,3.0125,NA,13.9,NA,3,NA,18.7,NA,6.6,NA
"287","20171014",14.4166666666667,NA,1.72222222222222,NA,14.4,NA,1.7,NA,20,NA,NA,NA
"288","20171015",15.5583333333333,NA,1.77083333333333,NA,15.65,NA,1.9,NA,23,NA,3.6,NA
"289","20171016",16.7416666666667,NA,1.81666666666667,NA,15.45,NA,1.65,NA,21.8,NA,3.5,NA
"290","20171017",16.1833333333333,NA,1.39166666666667,NA,15.65,NA,1.45,NA,23.8,NA,2.7,NA
"291","20171018",16.3666666666667,0.0111111111111111,2.425,NA,16,0,2.5,NA,18.9,NA,3.1,NA
"292","20171019",16.9958333333333,0,1.94583333333333,NA,16.35,0,1.95,NA,22.2,NA,3.1,NA
"293","20171020",16.975,NA,1.47083333333333,NA,16.25,NA,1.3,NA,24,NA,3.4,NA
"294","20171021",17.5083333333333,NA,1.27916666666667,NA,17.15,NA,1.05,NA,24.9,NA,2.9,NA
"295","20171022",16.3333333333333,NA,3.22916666666667,NA,15.3,NA,3.15,NA,23.1,NA,6.9,NA
"296","20171023",13.8291666666667,NA,1.375,NA,13.05,NA,1.4,NA,20.1,NA,3.3,NA
"297","20171024",14.3041666666667,NA,1.90416666666667,NA,14.05,NA,1.9,NA,20.3,NA,2.9,NA
"298","20171025",14.4625,NA,1.4875,NA,13.85,NA,1.25,NA,20.2,NA,2.9,NA
"299","20171026",14.2583333333333,NA,1.275,NA,14.6,NA,1.25,NA,18,NA,2.5,NA
"300","20171027",17.0541666666667,NA,1.30833333333333,NA,15.7,NA,1.2,NA,24.2,NA,2.6,NA
"301","20171028",17.0541666666667,NA,1.98333333333333,NA,17.45,NA,1.9,NA,24.7,NA,4.6,NA
"302","20171029",12.2583333333333,NA,3.1625,NA,12.5,NA,3,NA,16.5,NA,6.5,NA
"303","20171030",7.6875,NA,2.3875,NA,7.5,NA,2.35,NA,12.8,NA,4.6,NA
"304","20171031",9.92916666666667,NA,1.77083333333333,NA,12.1,NA,1.65,NA,15.2,NA,3.7,NA
"305","20171101",14.2166666666667,NA,2.10416666666667,NA,14.65,NA,2.1,NA,18,NA,3.4,NA
"306","20171102",15.3875,0.5,1.72916666666667,NA,15.1,0.5,1.75,NA,17.8,NA,3.4,NA
"307","20171103",12.9875,0.75,3.13478260869565,NA,14.45,0.75,3.2,NA,16.6,NA,NA,NA
"308","20171104",7.90833333333333,NA,2.6125,NA,6.7,NA,2.8,NA,13.6,NA,3.8,NA
"309","20171105",8.12083333333333,NA,1.4375,NA,8.35,NA,1.3,NA,15.1,NA,2.4,NA
"310","20171106",11.2875,NA,1.60833333333333,NA,10.75,NA,1.5,NA,16.3,NA,2.9,NA
"311","20171107",13.6958333333333,NA,1.48333333333333,NA,13.95,NA,1.4,NA,18.3,NA,3,NA
"312","20171108",13.875,0,2.825,NA,14.45,0,2.7,NA,17.1,NA,4.8,NA
"313","20171109",9.31666666666667,NA,1.22083333333333,NA,9.05,NA,1.2,NA,16.7,NA,2.2,NA
"314","20171110",9.99166666666667,3.75,2.87916666666667,NA,8.7,3.75,3.05,NA,15.9,NA,5.7,NA
"315","20171111",6.10833333333333,NA,2.30833333333333,NA,5.35,NA,2.3,NA,10.4,NA,3.4,NA
"316","20171112",5.39166666666667,NA,1.34583333333333,NA,5.35,NA,1.15,NA,11.1,NA,2.3,NA
"317","20171113",7.85,0,1.8375,NA,9.05,0,1.9,NA,11.8,NA,3.3,NA
"318","20171114",8.0125,4.5,2.59583333333333,NA,8.1,4.5,2.3,NA,11.1,NA,5.2,NA
"319","20171115",3.40416666666667,NA,2.95416666666667,NA,3.15,NA,2.95,NA,6.4,NA,5.4,NA
"320","20171116",0.9875,NA,1.42916666666667,NA,1,NA,1.3,NA,6.1,NA,2.8,NA
"321","20171117",2.8375,0,2.20416666666667,NA,3.65,0,2.1,NA,5.8,NA,3.6,NA
"322","20171118",-1.44166666666667,0,3.41666666666667,NA,-1.6,0,3.5,NA,2.6,NA,4.9,NA
"323","20171119",-1.86666666666667,NA,2.3,NA,-0.55,NA,2.25,NA,3.3,NA,4.7,NA
"324","20171120",-0.358333333333333,0,1.43333333333333,NA,-0.9,0,1.35,NA,3.8,NA,2.7,NA
"325","20171121",1.04583333333333,NA,1.43333333333333,NA,1.15,NA,1.35,NA,7.8,NA,2.7,NA
"326","20171122",4.475,0.5,2.34583333333333,NA,3,0.5,2.2,NA,10.8,NA,4.2,NA
"327","20171123",1.10416666666667,0,2.18333333333333,0.1,0.95,0,1.85,0.1,4.5,NA,4.8,NA
"328","20171124",-0.145833333333333,0.6,1.7125,1.3,-0.35,0.6,1.3,1.4,2.6,NA,3.7,NA
"329","20171125",2.2375,4,1.825,NA,3.25,1,1.7,NA,7.3,NA,3.7,NA
"330","20171126",4.00833333333333,NA,1.8875,NA,3.5,NA,1.7,NA,7.2,NA,5.3,NA
"331","20171127",2.25416666666667,NA,1.3125,NA,2.15,NA,1.4,NA,9.2,NA,2.4,NA
"332","20171128",5.9625,NA,1.08333333333333,NA,7.3,NA,1.05,NA,10.8,NA,2,NA
"333","20171129",3.96666666666667,0.25,2.71666666666667,NA,4.3,0.25,2.75,NA,8.1,NA,5.4,NA
"334","20171130",-2.1375,NA,3.44166666666667,NA,-2.35,NA,3.35,NA,2,NA,5.1,NA
"335","20171201",-2.45416666666667,0,1.5375,NA,-1.1,0,1.4,NA,3,NA,4.2,NA
"336","20171202",1.325,NA,1.7125,NA,2.7,NA,1.6,NA,7.6,NA,2.6,NA
"337","20171203",4.875,1.33333333333333,1.6125,NA,4.35,1,1.6,NA,8,NA,2.5,NA
"338","20171204",-0.304166666666667,0.05,3.45,NA,-0.25,0.05,3.6,NA,4.4,NA,5.8,NA
"339","20171205",-4.45833333333333,NA,2.41818181818182,NA,-3.8,NA,2.6,NA,-0.5,NA,NA,NA
"340","20171206",0.0458333333333333,0.325,1.28461538461538,0.505882352941176,1.15,0.25,1,0.4,5.5,NA,NA,NA
"341","20171207",1.09166666666667,0,1.69166666666667,0.8,1.4,0,1.85,0.9,4.4,NA,3.1,NA
"342","20171208",-3.825,NA,1.85,NA,-3.5,NA,1.55,NA,-0.8,NA,3.5,NA
"343","20171209",-0.845833333333333,NA,1.07916666666667,NA,-0.3,NA,0.9,NA,5.2,NA,2.2,NA
"344","20171210",1.19166666666667,0.82,2.00416666666667,2.5,0.35,0,1.1,2.7,6.7,NA,4.7,NA
"345","20171211",-6.26666666666667,0,3.60833333333333,NA,-5.75,0,3.7,NA,-2.5,NA,5.1,NA
"346","20171212",-9.46666666666667,NA,2.03333333333333,NA,-9.35,NA,2.15,NA,-5.4,NA,3.3,NA
"347","20171213",-8.61666666666667,NA,1.7875,NA,-9.05,NA,1.65,NA,-4.5,NA,3.4,NA
"348","20171214",-6.87083333333333,NA,0.8875,NA,-5.85,NA,0.9,NA,-2.4,NA,1.3,NA
"349","20171215",-3.27916666666667,0,0.983333333333333,NA,-2.7,0,0.8,NA,0.9,NA,2.7,NA
"350","20171216",-5.2875,NA,2.95416666666667,NA,-5.25,NA,2.85,NA,-2.6,NA,5,NA
"351","20171217",-7.0125,NA,1.90416666666667,NA,-7.05,NA,1.95,NA,-2.5,NA,3.2,NA
"352","20171218",-1.97083333333333,0.68,1.18333333333333,2.71363636363636,-2.35,0.4,0.95,2.7,3.3,NA,3.2,NA
"353","20171219",-3.53333333333333,NA,2.17083333333333,2.31666666666667,-3.65,NA,2.1,2.4,-1,NA,3.7,2.6
"354","20171220",-4.29166666666667,0.1,1.1125,2.0125,-3.7,0.1,1.1,2,-0.2,NA,1.8,2.4
"355","20171221",-0.845833333333333,NA,1.21666666666667,1.62083333333333,-1.2,NA,1.25,1.95,4.4,NA,2.3,2.2
"356","20171222",2.75833333333333,NA,1,0.7,3.8,NA,0.8,0.7,6.5,NA,2.7,NA
"357","20171223",6.12916666666667,NA,1.15833333333333,NA,5.65,NA,1.1,NA,8.6,NA,1.9,NA
"358","20171224",3.45833333333333,4,1.825,NA,4.35,3.5,1.2,NA,5.6,NA,4.4,NA
"359","20171225",-2.09166666666667,NA,2.7,NA,-1.75,NA,2.55,NA,0.4,NA,4.3,NA
"360","20171226",-3.26666666666667,NA,2.8625,NA,-2.65,NA,3.1,NA,-1.3,NA,5,NA
"361","20171227",-6.99583333333333,NA,1.95416666666667,NA,-6.6,NA,2.1,NA,-3.1,NA,3.7,NA
"362","20171228",-2.57916666666667,NA,1.35416666666667,NA,-1.45,NA,1.3,NA,0.8,NA,2.5,NA
"363","20171229",2.19583333333333,0,1.175,NA,1.1,0,0.9,NA,5.7,NA,3.5,NA
"364","20171230",1.3125,0.25,0.9375,NA,1.6,0.25,0.85,NA,4.3,NA,1.9,NA
"365","20171231",0.0875,0.4,2.32083333333333,1.02142857142857,0.15,0.2,2.15,1.2,3.1,NA,4.5,NA
"366","20180101",-1.28333333333333,NA,1.45416666666667,NA,-1.45,NA,1.1,NA,3.7,NA,3.3,NA
"367","20180102",-1.49166666666667,NA,1.76666666666667,NA,-2,NA,1.95,NA,1.7,NA,4.4,NA
"368","20180103",-4.47916666666667,NA,2.125,NA,-4.75,NA,2.2,NA,-0.4,NA,3.2,NA
"369","20180104",-4.8,NA,1.375,NA,-4.2,NA,1.4,NA,-0.8,NA,2.3,NA
"370","20180105",-2.9125,NA,1.65833333333333,NA,-3.55,NA,1.5,NA,1.5,NA,3.3,NA
"371","20180106",-2.75416666666667,NA,1.47916666666667,NA,-2.9,NA,1.4,NA,2.7,NA,2.4,NA
"372","20180107",-1.20833333333333,NA,0.8125,NA,0.8,NA,0.7,NA,2.7,NA,1.8,NA
"373","20180108",1.42083333333333,0.3,1.75,0.9,0.9,0,1.25,1,3.9,NA,6.7,NA
"374","20180109",-3.87083333333333,0,2.975,0.675,-4.05,0,3.2,0.75,-1.2,NA,5,NA
"375","20180110",-7.03333333333333,0.4,2.93333333333333,0.6,-6.75,0.4,2.85,0.7,-5.1,NA,5.3,NA
"376","20180111",-10.7666666666667,NA,2.6375,NA,-11,NA,2.65,NA,-7.4,NA,3.8,NA
"377","20180112",-10.6958333333333,NA,1.76666666666667,NA,-10.4,NA,1.7,NA,-5.8,NA,3,NA
"378","20180113",-4.55833333333333,0.08,0.845833333333333,0.44,-4.6,0,0.8,0.4,-1.2,NA,1.6,NA
"379","20180114",0.0208333333333333,NA,1.0625,NA,0.35,NA,1.05,NA,5.3,NA,1.8,NA
"380","20180115",4.70833333333333,0.1,1.47916666666667,NA,4.4,0.1,1.45,NA,7.5,NA,3,NA
"381","20180116",3.27916666666667,0,0.758333333333333,NA,3.9,0,0.75,NA,6.5,NA,1.4,NA
"382","20180117",4.55,NA,1.22916666666667,NA,3.4,NA,0.95,NA,8.5,NA,3.3,NA
"383","20180118",2.31666666666667,0,1.875,NA,2.35,0,2,NA,4.4,NA,3.2,NA
"384","20180119",1.05416666666667,NA,1.65416666666667,NA,0.15,NA,1.55,NA,5.4,NA,3.6,NA
"385","20180120",2.2625,NA,1.56666666666667,NA,1.8,NA,1.45,NA,6.6,NA,3.2,NA
"386","20180121",0.391666666666667,NA,1.13333333333333,NA,-0.3,NA,1.05,NA,5.4,NA,2.2,NA
"387","20180122",0.441666666666667,1.1,1.40833333333333,0.885714285714286,0,0,0.9,1,3.9,NA,3.9,NA
"388","20180123",-10.9166666666667,NA,3.675,0.970833333333333,-11.4,NA,3.75,1,-5.3,NA,4.5,1
"389","20180124",-14.0833333333333,NA,3.39583333333333,0.820833333333333,-14.65,NA,3.45,0.9,-10.8,NA,6,0.9
"390","20180125",-14.0041666666667,NA,2.87083333333333,0.591666666666667,-14.75,NA,2.75,0.6,-9.6,NA,4,0.7
"391","20180126",-14.7375,NA,2.51666666666667,0.429166666666667,-14.85,NA,2.5,0.5,-10.8,NA,3.8,0.5
"392","20180127",-10.4291666666667,NA,1.53333333333333,0.293333333333333,-8.75,NA,1.25,0.3,-3.7,NA,3,NA
"393","20180128",-6.03333333333333,NA,2.625,NA,-7.4,NA,2.45,NA,-1.5,NA,5.2,NA
"394","20180129",-8.525,NA,2.72083333333333,NA,-9.05,NA,2.9,NA,-5.2,NA,4.6,NA
"395","20180130",-5.9125,0.966666666666667,1.25416666666667,2.77142857142857,-3.85,1.4,1.15,3.3,-1.1,NA,2.7,NA
"396","20180131",-2.1875,0,1.7125,2.7,-2.2,0,1.6,3,-0.1,NA,3.1,3.5
"397","20180201",-3.86666666666667,NA,1.60833333333333,1.44666666666667,-4.2,NA,1.55,1.6,1.1,NA,3.2,NA
"398","20180202",-2.64583333333333,NA,1.64166666666667,NA,-2.5,NA,1.5,NA,3.6,NA,3,NA
"399","20180203",-6.61666666666667,0.25,3.79583333333333,0.244444444444444,-6.45,0.25,4,0.3,-2.3,NA,4.8,NA
"400","20180204",-9.52083333333333,NA,3.0625,NA,-10,NA,3.25,NA,-5.4,NA,4.9,NA
"401","20180205",-9.4,NA,3.06666666666667,NA,-10.05,NA,3.45,NA,-5.4,NA,4.7,NA
"402","20180206",-10.0083333333333,NA,3.17916666666667,NA,-10.75,NA,3.25,NA,-5.9,NA,4.4,NA
"403","20180207",-8.325,NA,1.61666666666667,NA,-7.3,NA,1.6,NA,-1.7,NA,3.3,NA
"404","20180208",-4.5875,NA,1.2,NA,-4.1,NA,1.15,NA,2,NA,2.4,NA
"405","20180209",-0.0541666666666667,NA,1.09583333333333,NA,0.7,NA,0.9,NA,6,NA,3,NA
"406","20180210",0.120833333333333,NA,3.06666666666667,NA,1.6,NA,2.85,NA,2.9,NA,5.8,NA
"407","20180211",-5.9875,0,2.7,NA,-6.35,0,2.7,NA,-2.2,NA,4.4,NA
"408","20180212",-5.9875,0,2.775,NA,-5.5,0,2.75,NA,-2.1,NA,4.5,NA
"409","20180213",-1.33333333333333,0,2.64166666666667,NA,0.35,0,3.1,NA,3.9,NA,5.3,NA
"410","20180214",3.59583333333333,NA,2.42916666666667,NA,2.45,NA,2.55,NA,8.7,NA,4.1,NA
"411","20180215",-0.45,NA,2.38333333333333,NA,-1.1,NA,2.45,NA,3.8,NA,4.3,NA
"412","20180216",-1.0875,NA,2.09166666666667,NA,-0.95,NA,1.85,NA,4.2,NA,4.2,NA
"413","20180217",-2.89166666666667,NA,2.72083333333333,NA,-2.75,NA,2.5,NA,1.3,NA,4.6,NA
"414","20180218",-0.679166666666667,NA,1.2875,NA,-0.5,NA,1.15,NA,5.1,NA,3,NA
"415","20180219",1.72916666666667,NA,1.5,NA,1.4,NA,1.55,NA,6.3,NA,3,NA
"416","20180220",1.09583333333333,NA,2.45416666666667,NA,0.8,NA,2.6,NA,5.4,NA,3.9,NA
"417","20180221",-0.916666666666667,NA,2.3375,NA,-1.7,NA,2.2,NA,4.2,NA,3.9,NA
"418","20180222",0.991666666666667,NA,2.07083333333333,NA,2.8,NA,2,NA,5,NA,4.4,NA
"419","20180223",3.95,2.05,1.91666666666667,3.19285714285714,4.55,2.05,2.05,3.75,8.3,NA,5,NA
"420","20180224",2.7625,NA,2.3125,NA,2.45,NA,2.6,NA,6.9,NA,3.8,NA
"421","20180225",1.91666666666667,NA,1.79583333333333,NA,0.1,NA,1.8,NA,7.6,NA,3.2,NA
"422","20180226",2.725,NA,1.36666666666667,NA,2.75,NA,1.1,NA,10.3,NA,3.1,NA
"423","20180227",4.00833333333333,NA,0.9,NA,5.05,NA,0.8,NA,6.9,NA,1.8,NA
"424","20180228",4.85,7.66666666666667,2.10416666666667,NA,5.2,9,2.05,NA,7.6,NA,3.7,NA
"425","20180301",0.45,0.625,3.55416666666667,NA,1.3,0.25,3.7,NA,3,NA,6,NA
"426","20180302",-1.14583333333333,NA,1.64166666666667,NA,0.2,NA,1.6,NA,5.2,NA,3.1,NA
"427","20180303",7.17916666666667,NA,1.59583333333333,NA,8.75,NA,1.6,NA,16,NA,3.7,NA
"428","20180304",9.83333333333333,0.357142857142857,1.22916666666667,NA,9.7,0.1,1.15,NA,11.8,NA,2.9,NA
"429","20180305",6.0375,2.5,1.91666666666667,NA,5.75,1.5,1.95,NA,11,NA,2.6,NA
"430","20180306",4.2875,NA,1.54583333333333,NA,4.1,NA,1.3,NA,10.6,NA,3.2,NA
"431","20180307",6.19166666666667,0,1.71666666666667,NA,6.6,0,1.7,NA,10.4,NA,3.2,NA
"432","20180308",4.72916666666667,0.9,2.03333333333333,NA,4,0.5,2.05,NA,9.5,NA,4.3,NA
"433","20180309",4.60416666666667,NA,1.5125,NA,3.5,NA,1.3,NA,9.6,NA,3.9,NA
"434","20180310",4.35416666666667,NA,1.95,NA,5,NA,2,NA,9.2,NA,4.7,NA
"435","20180311",6.6125,NA,1.94166666666667,NA,5.5,NA,1.9,NA,11.9,NA,2.9,NA
"436","20180312",7.7875,NA,1.4,NA,7.3,NA,1.05,NA,15.3,NA,3.1,NA
"437","20180313",11.65,NA,1.725,NA,13,NA,1.45,NA,18.6,NA,3.7,NA
"438","20180314",16.775,NA,2.2625,NA,16.15,NA,2.15,NA,21.7,NA,4.7,NA
"439","20180315",13,3.85714285714286,2.0125,NA,13.6,0,2,NA,16.5,NA,4.1,NA
"440","20180316",7.35416666666667,NA,1.9,NA,6.7,NA,1.95,NA,11.9,NA,2.9,NA
"441","20180317",6.38333333333333,NA,1.59583333333333,NA,6.7,NA,1.35,NA,13.7,NA,3.2,NA
"442","20180318",8.06666666666667,0,1.17083333333333,NA,7.75,0,1.15,NA,12.3,NA,2.2,NA
"443","20180319",8.02083333333333,0.214285714285714,2.37916666666667,NA,8.1,0.2,2.7,NA,10.2,NA,3.7,NA
"444","20180320",5.04166666666667,NA,3.45833333333333,NA,4.8,NA,3.4,NA,9,NA,4.3,NA
"445","20180321",2.12916666666667,0.25,1.75,NA,1.65,0.25,1.85,NA,4.8,NA,2.9,NA
"446","20180322",4.85,NA,2.22916666666667,NA,4.2,NA,2,NA,11.4,NA,4.5,NA
"447","20180323",6.075,NA,1.9375,NA,5.35,NA,1.7,NA,12.4,NA,3.6,NA
"448","20180324",7.47916666666667,NA,2.20416666666667,NA,6.6,NA,2.3,NA,12.7,NA,4.2,NA
"449","20180325",9.625,NA,1.7625,NA,8.6,NA,1.6,NA,16.7,NA,3.1,NA
"450","20180326",10.8,NA,1.99166666666667,NA,10.35,NA,1.9,NA,17.7,NA,3.6,NA
"451","20180327",13.0833333333333,NA,1.6,NA,13.15,NA,1.4,NA,19.9,NA,3.4,NA
"452","20180328",13.9666666666667,NA,2.1875,NA,13.9,NA,1.95,NA,18.6,NA,4.4,NA
"453","20180329",15.5458333333333,NA,1.69583333333333,NA,13.95,NA,1.8,NA,20.8,NA,3.1,NA
"454","20180330",14.6708333333333,NA,1.77916666666667,NA,13.7,NA,1.55,NA,21.8,NA,3.6,NA
"455","20180331",13.9416666666667,NA,1.89583333333333,NA,13.05,NA,1.65,NA,20.1,NA,4.2,NA
"456","20180401",15.1833333333333,NA,1.57083333333333,NA,16.5,NA,1.8,NA,18.2,NA,3.2,NA
"457","20180402",18.2166666666667,NA,2.00416666666667,NA,17.45,NA,1.7,NA,23.7,NA,4.1,NA
"458","20180403",17.9583333333333,0,2.1125,NA,17.3,0,2,NA,21,NA,3.7,NA
"459","20180404",13.7375,2.325,1.825,NA,14.2,2.5,1.95,NA,17.9,NA,3.4,NA
"460","20180405",7.79583333333333,0.526315789473684,1.9875,NA,7.6,0.4,1.95,NA,9.5,NA,2.9,NA
"461","20180406",6.30416666666667,1,3.0375,NA,6.65,0.5,3.2,NA,8.3,NA,5.3,NA
"462","20180407",4.20833333333333,0.05,4,NA,3.65,0.05,3.95,NA,8.1,NA,5.3,NA
"463","20180408",3.8125,0.428571428571429,1.73333333333333,NA,2.9,0,1.75,NA,7.9,NA,2.8,NA
"464","20180409",7.47916666666667,NA,1.05,NA,8.55,NA,0.95,NA,15.3,NA,2.5,NA
"465","20180410",14.6541666666667,1.66666666666667,3.43333333333333,NA,15.5,1.5,2.85,NA,21.9,NA,7.4,NA
"466","20180411",12.8666666666667,NA,3.00833333333333,NA,12.95,NA,3.25,NA,17,NA,4.7,NA
"467","20180412",13.0291666666667,NA,2.575,NA,13.45,NA,2.35,NA,19.4,NA,5.1,NA
"468","20180413",14.2916666666667,NA,1.4,NA,15.95,NA,1.35,NA,19,NA,3.5,NA
"469","20180414",9.5875,0.6,1.82916666666667,NA,8.9,0.5,1.65,NA,14.8,NA,3.8,NA
"470","20180415",9.4125,NA,2.3375,NA,9.3,NA,2.15,NA,13.7,NA,4.1,NA
"471","20180416",11.4291666666667,NA,1.6,NA,10.95,NA,1.35,NA,18.7,NA,3.4,NA
"472","20180417",12.8083333333333,NA,1.8125,NA,11.85,NA,1.15,NA,19.9,NA,4.3,NA
"473","20180418",12.3791666666667,NA,1.94166666666667,NA,11.7,NA,1.9,NA,19,NA,3.4,NA
"474","20180419",13.7875,NA,1.925,NA,13.8,NA,1.7,NA,20.5,NA,4.8,NA
"475","20180420",18.0625,NA,1.32083333333333,NA,18.2,NA,1.25,NA,26.1,NA,3.4,NA
"476","20180421",18.6625,NA,1.82916666666667,NA,17.95,NA,1.5,NA,25,NA,4.1,NA
"477","20180422",16.0333333333333,0.9,1.06666666666667,NA,15.9,0.3,0.9,NA,20.7,NA,2.4,NA
"478","20180423",9.425,2.54166666666667,2.20833333333333,NA,9.4,1.5,2.25,NA,10.7,8,2.8,NA
"479","20180424",12.1958333333333,0.428571428571429,1.4125,NA,11.75,0,1.35,NA,16.1,NA,2.1,NA
"480","20180425",14.2458333333333,NA,1.47083333333333,NA,15,NA,1.1,NA,23.1,NA,4.3,NA
"481","20180426",15.0875,NA,1.87083333333333,NA,13.7,NA,2.2,NA,21.9,NA,3.3,NA
"482","20180427",15.575,NA,1.70416666666667,NA,15,NA,1.5,NA,23.2,NA,3.1,NA
"483","20180428",15.5083333333333,NA,2.025,NA,14.5,NA,1.75,NA,21.3,NA,4.7,NA
"484","20180429",15.8708333333333,NA,1.9,NA,15.85,NA,1.7,NA,22.8,NA,3.7,NA
"485","20180430",18.8333333333333,NA,1.5875,NA,18.75,NA,1.4,NA,24.8,NA,3.5,NA
"486","20180501",20.3416666666667,0,1.4375,NA,20.4,0,1.1,NA,23.1,NA,3.1,NA
"487","20180502",16.0708333333333,0.666666666666667,1.85833333333333,NA,17.45,0.05,1.1,NA,19.7,NA,4.7,NA
"488","20180503",11.0166666666667,0.166666666666667,2.78333333333333,NA,12.05,0.05,2.7,NA,14.7,NA,4.8,NA
"489","20180504",13.8375,NA,2.6875,NA,13.7,NA,2.3,NA,19.9,NA,5.1,NA
"490","20180505",17.7291666666667,NA,2.725,NA,19.1,NA,2.8,NA,23.8,NA,4.7,NA
"491","20180506",16.9166666666667,1.46666666666667,1.1,NA,16.4,1.5,1,NA,20.2,NA,3.3,NA
"492","20180507",18.9916666666667,NA,1.20416666666667,NA,18.05,NA,1,NA,25.5,NA,2.7,NA
"493","20180508",17.7583333333333,NA,1.70416666666667,NA,16.65,NA,1.7,NA,22.4,NA,2.2,NA
"494","20180509",15.4583333333333,NA,1.69583333333333,NA,16,NA,1.45,NA,21.4,NA,2.9,NA
"495","20180510",15.4708333333333,NA,2.25416666666667,NA,14.2,NA,2.25,NA,21.2,NA,4,NA
"496","20180511",15.8125,NA,1.7125,NA,16.3,NA,1.5,NA,21,NA,3.3,NA
"497","20180512",14.2208333333333,1.5,0.983333333333333,NA,14.7,1.5,0.9,NA,16.1,NA,1.9,NA
"498","20180513",15.95,0.1,1.80833333333333,NA,15.15,0,1.65,NA,19.7,NA,2.9,NA
"499","20180514",17.7416666666667,NA,1.39166666666667,NA,18.65,NA,1.4,NA,24.4,NA,3.1,NA
"500","20180515",22.6875,NA,1.07916666666667,NA,24.8,NA,0.9,NA,29.1,NA,2.5,NA
"501","20180516",22.4208333333333,2.11904761904762,1.8,NA,22.05,0,1.6,NA,24.4,NA,4.8,NA
"502","20180517",21.1375,3.58695652173913,1.16666666666667,NA,21.5,1.5,1,NA,23.4,NA,2.8,NA
"503","20180518",16.8958333333333,0.5,1.30416666666667,NA,16.7,0.5,1.5,NA,19.3,NA,2.3,NA
"504","20180519",17.2666666666667,NA,1.5375,NA,17.8,NA,1.4,NA,24.5,NA,2.6,NA
"505","20180520",17.0625,NA,1.3875,NA,16.9,NA,1.3,NA,22.4,NA,2.4,NA
"506","20180521",17.6875,NA,1.4375,NA,17.7,NA,1.3,NA,23.4,NA,2.8,NA
"507","20180522",18.1958333333333,1,1.05416666666667,NA,17.4,0.5,1.05,NA,22.9,NA,2.7,NA
"508","20180523",17.4541666666667,2,2.7,NA,15.9,3,3,NA,23,NA,4.2,NA
"509","20180524",17.9583333333333,NA,2.25833333333333,NA,18.95,NA,2,NA,23.5,NA,5.3,NA
"510","20180525",19.7541666666667,NA,1.7625,NA,19.3,NA,1.7,NA,26,NA,4.1,NA
"511","20180526",21.4791666666667,NA,1.41666666666667,NA,21.45,NA,1.1,NA,29.4,NA,3.8,NA
"512","20180527",20.5875,NA,1.925,NA,19.95,NA,1.8,NA,24.3,NA,4,NA
"513","20180528",21.9708333333333,NA,1.54583333333333,NA,21.75,NA,1.1,NA,28.7,NA,3.5,NA
"514","20180529",21.5375,0.25,1.87083333333333,NA,20.55,0,1.8,NA,25.7,NA,4.2,NA
"515","20180530",20.5375,0,1.775,NA,19.2,0,1.7,NA,24.7,NA,3.6,NA
"516","20180531",20.525,NA,1.94166666666667,NA,20.95,NA,1.85,NA,27.3,NA,3.1,NA
"517","20180601",23.7083333333333,NA,1.95416666666667,NA,23.3,NA,1.65,NA,29.9,NA,4.3,NA
"518","20180602",23.5125,NA,1.94166666666667,NA,22.7,NA,1.75,NA,29.8,NA,3.7,NA
"519","20180603",23.7125,NA,1.69166666666667,NA,23.6,NA,1.6,NA,30.7,NA,4.1,NA
"520","20180604",22.8833333333333,NA,1.75833333333333,NA,22.95,NA,1.6,NA,27.4,NA,3.9,NA
"521","20180605",23.5666666666667,NA,1.72916666666667,NA,23.4,NA,1.5,NA,29,NA,3.6,NA
"522","20180606",23.0916666666667,NA,2.0875,NA,22.5,NA,2.2,NA,27.9,NA,3.7,NA
"523","20180607",22.2958333333333,NA,1.94166666666667,NA,21.2,NA,1.9,NA,29.3,NA,3.3,NA
"524","20180608",21.7416666666667,NA,2.0625,NA,21.2,NA,2,NA,26.9,NA,3.3,NA
"525","20180609",23.6833333333333,0.1,1.38333333333333,NA,23.05,0,1.4,NA,30.1,NA,2.9,NA
"526","20180610",21.3041666666667,0.0625,1.37916666666667,NA,21.1,0,1.35,NA,24.8,NA,2.2,NA
"527","20180611",20.5583333333333,0.571428571428571,1.42083333333333,NA,19.8,0,1.3,NA,23.9,NA,3.9,NA
"528","20180612",21.1791666666667,0.333333333333333,1.6625,NA,20.85,0,1.15,NA,26.4,NA,3.8,NA
"529","20180613",21.975,0,1.45833333333333,NA,21.95,0,1.4,NA,26.6,NA,3.6,NA
"530","20180614",21.6541666666667,2.63636363636364,1.10833333333333,NA,21.15,0,1,NA,25,NA,3.2,NA
"531","20180615",21.8583333333333,3.3,1.40416666666667,NA,21.2,0.5,1.4,NA,26.7,NA,2.1,NA
"532","20180616",22.3,NA,1.475,NA,22.45,NA,1.45,NA,28.4,NA,2.6,NA
"533","20180617",22.7333333333333,NA,1.425,NA,22.6,NA,1.15,NA,27.3,NA,3.4,NA
"534","20180618",24.8,NA,1.53333333333333,NA,24.25,NA,1.35,NA,30.5,NA,3.7,NA
"535","20180619",22.5916666666667,NA,1.75416666666667,NA,22,NA,1.6,NA,27.2,NA,3,NA
"536","20180620",22.6958333333333,NA,2.4875,NA,21.35,NA,2.7,NA,28.2,NA,3.9,NA
"537","20180621",23.6416666666667,NA,2.15416666666667,NA,23.3,NA,2.1,NA,28.5,NA,3.4,NA
"538","20180622",24.6875,NA,1.72916666666667,NA,24.2,NA,1.4,NA,31.9,NA,3.8,NA
"539","20180623",24.5708333333333,NA,1.94166666666667,NA,24.05,NA,2,NA,28.4,NA,3.9,NA
"540","20180624",25.1458333333333,NA,1.90416666666667,NA,24.2,NA,1.9,NA,31.8,NA,3.4,NA
"541","20180625",26.7208333333333,NA,1.14583333333333,NA,27.3,NA,0.95,NA,32.7,NA,2.8,NA
"542","20180626",22.9041666666667,3.4047619047619,2.225,NA,22.9,1.5,1.45,NA,26.9,NA,5,NA
"543","20180627",22.1875,0.1,1.9625,NA,22.5,0,1.9,NA,25.5,NA,3.7,NA
"544","20180628",23.3875,2.65,1.16666666666667,NA,22.35,0,0.95,NA,27.2,NA,3.7,NA
"545","20180629",24.6625,0.722222222222222,1.475,NA,24.3,0.1,1.55,NA,29,NA,2.8,NA
"546","20180630",24.35,2.07142857142857,0.9125,NA,24.05,0.5,0.75,NA,27.9,NA,2.8,NA
"547","20180701",22.025,4.26315789473684,0.783333333333333,NA,22.1,3.5,0.7,NA,22.7,NA,1.5,NA
"548","20180702",22.4375,2.67391304347826,0.795833333333333,NA,22.05,1,0.6,NA,25.3,NA,2.4,NA
"549","20180703",27.1166666666667,0.1,0.783333333333333,NA,27.25,0,0.7,NA,32.4,NA,2.2,NA
"550","20180704",27.4625,NA,1.65833333333333,NA,26.75,NA,1.85,NA,31.6,NA,3.7,NA
"551","20180705",25.3916666666667,0.0833333333333333,1.19583333333333,NA,24.8,0,1.1,NA,28.8,NA,3,NA
"552","20180706",24.0625,NA,1.85,NA,23.4,NA,1.9,NA,27,NA,2.3,NA
"553","20180707",23.7625,NA,1.575,NA,23,NA,1.6,NA,28.9,NA,2,NA
"554","20180708",23.0041666666667,NA,1.52083333333333,NA,24.2,NA,1.45,NA,27.9,NA,2.6,NA
"555","20180709",21.0208333333333,0.5,1.0875,NA,20.65,0.5,1,NA,24.2,NA,1.7,NA
"556","20180710",23.3416666666667,1.95454545454545,0.6625,NA,23.65,0,0.55,NA,26.5,NA,1.2,NA
"557","20180711",26.6208333333333,0.269230769230769,1.3125,NA,27,0.5,0.95,NA,29.4,NA,3.2,NA
"558","20180712",26.775,0.111111111111111,1.5375,NA,26.65,0,1.55,NA,28.1,NA,3.1,NA
"559","20180713",27.1666666666667,NA,1.85416666666667,NA,26.95,NA,2,NA,30.8,NA,2.8,NA
"560","20180714",27.9125,0,1.82916666666667,NA,27.7,0,2,NA,31.7,NA,3.7,NA
"561","20180715",28.2666666666667,NA,1.63333333333333,NA,27.8,NA,1.65,NA,32.9,NA,3.2,NA
"562","20180716",28.725,NA,1.71666666666667,NA,28,NA,1.6,NA,33.7,NA,3.1,NA
"563","20180717",28.0833333333333,NA,1.74583333333333,NA,27.7,NA,1.65,NA,32,NA,3.5,NA
"564","20180718",28.2333333333333,NA,1.4,NA,27.6,NA,1.5,NA,33.1,NA,2.9,NA
"565","20180719",28.5583333333333,NA,1.72083333333333,NA,28.4,NA,1.75,NA,34,NA,2.9,NA
"566","20180720",29.4041666666667,NA,1.42916666666667,NA,29.3,NA,1.35,NA,34.3,NA,2.7,NA
"567","20180721",30.5291666666667,NA,1.47083333333333,NA,29.9,NA,1.35,NA,36.8,NA,3.1,NA
"568","20180722",31.55,NA,1.39583333333333,NA,31.95,NA,1.45,NA,37.8,NA,3,NA
"569","20180723",31.6166666666667,NA,1.89166666666667,NA,30.9,NA,1.8,NA,35.4,NA,3.2,NA
"570","20180724",31.4333333333333,NA,1.525,NA,30.65,NA,1.35,NA,36.4,NA,3.2,NA
"571","20180725",30.2916666666667,NA,2.45416666666667,NA,29.55,NA,2.5,NA,34.1,NA,3.5,NA
"572","20180726",29.9958333333333,NA,1.4375,NA,29.45,NA,1.3,NA,33.5,NA,2.9,NA
"573","20180727",30.7625,NA,1.7125,NA,30.1,NA,1.7,NA,35.3,NA,3.2,NA
"574","20180728",29.8208333333333,2.5,1.24166666666667,NA,29.05,0.2,1.15,NA,34.4,NA,3.4,NA
"575","20180729",31.225,NA,1.24583333333333,NA,30.85,NA,1.35,NA,36.3,NA,2.9,NA
"576","20180730",31.5625,NA,1.22916666666667,NA,32.25,NA,1.2,NA,36.5,NA,2.1,NA
"577","20180731",32.525,NA,1.38333333333333,NA,32.15,NA,1.2,NA,38,NA,3,NA
"578","20180801",33.4291666666667,NA,1.68333333333333,NA,32.95,NA,1.45,NA,39.4,NA,3.8,NA
"579","20180802",33.7416666666667,NA,1.5375,NA,33.1,NA,1.55,NA,37.9,NA,2.5,NA
"580","20180803",33.2125,NA,1.79166666666667,NA,32.15,NA,1.65,NA,37.4,NA,3.9,NA
"581","20180804",31.1958333333333,NA,2.45416666666667,NA,30.2,NA,2.3,NA,34.7,NA,4.2,NA
"582","20180805",29.8333333333333,0.4,2.65416666666667,NA,29.2,0,2.7,NA,33.7,NA,4.7,NA
"583","20180806",30.725,0.928571428571429,1.60416666666667,NA,29.95,0,1.45,NA,35,NA,3.6,NA
"584","20180807",30.5166666666667,0,1.425,NA,29.95,0,1.05,NA,35.6,NA,3.1,NA
"585","20180808",30.9208333333333,NA,1.93333333333333,NA,29.95,NA,2.05,NA,35.1,NA,3.5,NA
"586","20180809",28.9666666666667,0.285714285714286,1.6625,NA,28.55,0,1.65,NA,31.6,NA,4,NA
"587","20180810",30.5791666666667,NA,1.3125,NA,30.7,NA,1.05,NA,36.4,NA,3.2,NA
"588","20180811",31.0833333333333,NA,1.60833333333333,NA,31.3,NA,1.5,NA,35.8,NA,2.7,NA
"589","20180812",30.6916666666667,2.5,1.50416666666667,NA,29.55,2.5,1.55,NA,35,NA,2.8,NA
"590","20180813",30.2708333333333,0.333333333333333,1.425,NA,30.15,0,1.2,NA,34,NA,3.1,NA
"591","20180814",31.5,NA,1.39166666666667,NA,31.15,NA,1.35,NA,37.2,NA,3,NA
"592","20180815",31.55,0.5,1.11666666666667,NA,29.75,0.5,1,NA,37.4,NA,3.9,NA
"593","20180816",30.1541666666667,NA,1.62916666666667,NA,28.3,NA,1.95,NA,35.3,NA,2.5,NA
"594","20180817",27.0833333333333,NA,1.80416666666667,NA,26.5,NA,1.8,NA,33.7,NA,2.6,NA
"595","20180818",26.5458333333333,NA,1.40416666666667,NA,26.55,NA,1.3,NA,31.8,NA,2.9,NA
"596","20180819",27.8625,NA,1.225,NA,27.6,NA,0.95,NA,33.8,NA,2.7,NA
"597","20180820",28.9541666666667,0,1.975,NA,29.15,0,1.9,NA,32.9,NA,4.9,NA
"598","20180821",26.775,0.555555555555556,2.75833333333333,NA,26.8,0.1,2.6,NA,30.8,NA,6.9,NA
"599","20180822",30.2166666666667,NA,1.14583333333333,NA,31.65,NA,1,NA,37.4,NA,2.7,NA
"600","20180823",29.6,0.208333333333333,1.6625,NA,29.85,0.1,1.75,NA,32,NA,2.3,NA
"601","20180824",24.6333333333333,0.380952380952381,2.42916666666667,NA,24.55,0,2.45,NA,26.2,NA,3.6,NA
"602","20180825",25.2166666666667,NA,2.55416666666667,NA,24.35,NA,2.4,NA,29.2,NA,4.5,NA
"603","20180826",23.3083333333333,0.285714285714286,1.3,NA,22.6,0.1,1.05,NA,28.9,NA,3.6,NA
"604","20180827",22.425,1.08333333333333,0.8625,NA,22.3,0.75,0.8,NA,24.9,NA,1.6,NA
"605","20180828",23.8166666666667,6.82142857142857,0.9875,NA,23.45,3,0.75,NA,25.9,NA,3.3,NA
"606","20180829",25.0125,3.07142857142857,2.43333333333333,NA,24.6,1,2.85,NA,27.4,NA,4.3,NA
"607","20180830",25.45,0.95,1.8375,NA,24.9,0.25,1.85,NA,28.2,NA,3.5,NA
"608","20180831",25.5583333333333,0.0142857142857143,1.6,NA,24.3,0,1.65,NA,30.3,NA,3,NA
"609","20180901",25.4541666666667,NA,1.20833333333333,NA,25.55,NA,1.3,NA,30.5,NA,2.1,NA
"610","20180902",24.9875,NA,1.50416666666667,NA,25.4,NA,1.45,NA,29.3,NA,2.3,NA
"611","20180903",23.6041666666667,2.46428571428571,1.0625,NA,23.9,0.5,0.9,NA,25.7,NA,4.9,NA
"612","20180904",23.2541666666667,NA,2.16666666666667,NA,22.55,NA,2.65,NA,27.6,NA,4.3,NA
"613","20180905",23.8375,NA,2.50416666666667,NA,23.75,NA,2.15,NA,28.2,NA,5.1,NA
"614","20180906",24.25,NA,1.89583333333333,NA,24.45,NA,2.3,NA,28,NA,4.7,NA
"615","20180907",22.1583333333333,0.5,2.47916666666667,NA,21.45,0.5,2.55,NA,25.2,NA,4.2,NA
"616","20180908",21.6916666666667,NA,1.66666666666667,NA,21.8,NA,1.6,NA,27.7,NA,3.7,NA
"617","20180909",21.9583333333333,NA,1.23333333333333,NA,22,NA,1.2,NA,28.9,NA,2.6,NA
"618","20180910",22.9458333333333,NA,1.5625,NA,22.4,NA,1.6,NA,27.8,NA,2,NA
"619","20180911",21.5666666666667,NA,1.475,NA,21.75,NA,1.4,NA,26,NA,2.2,NA
"620","20180912",22.5291666666667,NA,1.32083333333333,NA,22.65,NA,1.3,NA,27.8,NA,2.1,NA
"621","20180913",23.4416666666667,NA,1.225,NA,22.75,NA,1.3,NA,28.2,NA,2,NA
"622","20180914",23.4625,0.166666666666667,1.30416666666667,NA,23.65,0,1.25,NA,26.6,NA,2.1,NA
"623","20180915",23.2125,0.02,0.991666666666667,NA,23.2,0,0.95,NA,25.8,NA,2.2,NA
"624","20180916",22.3416666666667,0.117647058823529,1.74583333333333,NA,22.4,0,1.7,NA,23.7,NA,3,NA
"625","20180917",22.3291666666667,0.0333333333333333,2.01666666666667,NA,21.15,0,1.9,NA,27.6,NA,3.8,NA
"626","20180918",21.85,NA,1.32916666666667,NA,21.95,NA,1.25,NA,26.4,NA,2.9,NA
"627","20180919",22.2041666666667,0.025,0.95,NA,21.6,0,0.9,NA,26.5,NA,2.2,NA
"628","20180920",19.05,0.357142857142857,1.74166666666667,NA,19.05,0.25,1.7,NA,20.1,NA,2.7,NA
"629","20180921",19.3666666666667,1.38461538461538,1.33333333333333,NA,19.1,1,1.35,NA,21.8,NA,2.1,NA
"630","20180922",21.0083333333333,3.25,1.73333333333333,NA,19.6,3.25,1.25,NA,25.4,NA,4.4,NA
"631","20180923",19.4125,0,1.59583333333333,NA,18.8,0,1.2,NA,25,NA,4,NA
"632","20180924",17.8208333333333,NA,2.15416666666667,NA,17.1,NA,2.15,NA,22,NA,4.3,NA
"633","20180925",17.4916666666667,NA,1.1,NA,17.85,NA,1,NA,24.2,NA,2,NA
"634","20180926",19.425,NA,1.7375,NA,18.5,NA,1.75,NA,24.7,NA,2.3,NA
"635","20180927",18.7916666666667,NA,1.2375,NA,18.3,NA,1.35,NA,24.6,NA,1.8,NA
"636","20180928",17.525,NA,1.29583333333333,NA,17.25,NA,1.35,NA,21.9,NA,1.7,NA
"637","20180929",20.075,NA,1.025,NA,19.7,NA,1,NA,26.6,NA,1.8,NA
"638","20180930",17.9166666666667,NA,2.025,NA,17.4,NA,2.15,NA,21.3,NA,4.6,NA
"639","20181001",15.4375,0,2.825,NA,14.75,0,2.75,NA,19.3,NA,4.7,NA
"640","20181002",15.7833333333333,NA,1.62916666666667,NA,15.85,NA,1.75,NA,21.8,NA,3.2,NA
"641","20181003",17.2416666666667,NA,1.2,NA,17.1,NA,1.2,NA,24.1,NA,2.7,NA
"642","20181004",18.8958333333333,NA,1.2875,NA,19.6,NA,1.4,NA,25.3,NA,2,NA
"643","20181005",17.0958333333333,2.08823529411765,1.77083333333333,NA,16.9,1.5,1.75,NA,19,NA,2.7,NA
"644","20181006",18.0208333333333,4.03571428571429,2.19166666666667,NA,17.25,3,2.3,NA,21.5,NA,5,NA
"645","20181007",16.7625,NA,1.70833333333333,NA,16.1,NA,1.6,NA,20.7,NA,3.2,NA
"646","20181008",14.7208333333333,NA,1.1125,NA,14.7,NA,1.05,NA,20.6,NA,2.6,NA
"647","20181009",15,0,1.1375,NA,16.5,0,1.05,NA,19.2,NA,2.2,NA
"648","20181010",12.8125,2.33333333333333,2.39166666666667,NA,12.9,2.5,2.75,NA,16.6,NA,4.1,NA
"649","20181011",9.68333333333333,NA,2.20416666666667,NA,9.05,NA,1.8,NA,13.8,NA,5,NA
"650","20181012",10.8125,NA,1.24166666666667,NA,10.75,NA,1.2,NA,17.1,NA,2.7,NA
"651","20181013",12.3958333333333,NA,1.04583333333333,NA,12.15,NA,1.1,NA,19.8,NA,2,NA
"652","20181014",12.9958333333333,NA,1.375,NA,13.4,NA,1.15,NA,20.1,NA,2.9,NA
"653","20181015",15.0916666666667,NA,1.32083333333333,NA,14.45,NA,1.45,NA,20.4,NA,2.8,NA
"654","20181016",14.475,NA,1.2,NA,13.95,NA,1.15,NA,19.9,NA,2.1,NA
"655","20181017",12.7833333333333,NA,1.22083333333333,NA,11.85,NA,1.15,NA,18.3,NA,2.7,NA
"656","20181018",12.5958333333333,NA,1.125,NA,12.1,NA,1,NA,19,NA,2.5,NA
"657","20181019",13.0958333333333,NA,1.4875,NA,12.8,NA,1.5,NA,19.8,NA,3,NA
"658","20181020",13.4083333333333,NA,1.075,NA,12.85,NA,1.15,NA,21.3,NA,2.4,NA
"659","20181021",13.3666666666667,NA,1.10833333333333,NA,12.6,NA,1.15,NA,20.9,NA,2.5,NA
"660","20181022",13.9875,NA,0.941666666666667,NA,13.05,NA,0.85,NA,20.6,NA,2.2,NA
"661","20181023",12.4958333333333,0.833333333333333,1.25833333333333,NA,12,0,0.95,NA,16.6,NA,5,NA
"662","20181024",12.575,NA,1.27083333333333,NA,11.85,NA,1.15,NA,18.2,NA,3,NA
"663","20181025",13.575,NA,0.933333333333333,NA,13.5,NA,1,NA,20.6,NA,1.4,NA
"664","20181026",12.5166666666667,1,1.66666666666667,NA,12.6,0.5,1.2,NA,14.5,NA,5.4,NA
"665","20181027",8.90833333333333,NA,3.37083333333333,NA,9,NA,3.35,NA,11.4,NA,5.7,NA
"666","20181028",8.4125,0.55,1.42916666666667,NA,7.45,0,1.2,NA,12.4,NA,3.3,NA
"667","20181029",7.39583333333333,0,2.11666666666667,NA,6.25,0,2,NA,11.3,NA,4.9,NA
"668","20181030",5.89166666666667,0,1.53333333333333,NA,7.55,0,1.5,NA,11,NA,2.6,NA
"669","20181031",7.52916666666667,0,1.66666666666667,NA,7.15,0,1.8,NA,12,NA,3,NA
"670","20181101",8.34583333333333,NA,1.27083333333333,NA,8.2,NA,1.25,NA,14.9,NA,2.7,NA
"671","20181102",10.5041666666667,NA,1.12916666666667,NA,10,NA,1.2,NA,18.8,NA,2,NA
"672","20181103",11.2583333333333,NA,1.2375,NA,10.5,NA,1.2,NA,18.7,NA,2.4,NA
"673","20181104",11.6666666666667,NA,1.38333333333333,NA,11.15,NA,1.2,NA,19.3,NA,3.2,NA
"674","20181105",11.8625,NA,1.0625,NA,11.7,NA,1.1,NA,18,NA,2.1,NA
"675","20181106",12.1375,NA,0.908333333333333,NA,12.25,NA,0.9,NA,17.4,NA,2.4,NA
"676","20181107",12.7791666666667,0.4,1.125,NA,12.65,0.5,1.15,NA,15.5,NA,1.6,NA
"677","20181108",11.7125,5.75,1.88333333333333,NA,11.5,3.75,1.8,NA,14,NA,4.1,NA
"678","20181109",12.0291666666667,4.75,3.05416666666667,NA,11.4,0.5,3.05,NA,15.1,NA,5.3,NA
"679","20181110",12.1083333333333,0,1.30416666666667,NA,11.25,0,1.2,NA,17.1,NA,2.7,NA
"680","20181111",8.39583333333333,0,1.025,NA,8.45,0,0.8,NA,10.7,NA,3,NA
"681","20181112",8.03333333333333,NA,1.19583333333333,NA,7.95,NA,1.2,NA,14.2,NA,2.8,NA
"682","20181113",8.7625,NA,0.979166666666667,NA,8.3,NA,0.85,NA,15.3,NA,2.2,NA
"683","20181114",9.69583333333333,NA,1.12083333333333,NA,9.2,NA,0.85,NA,16.1,NA,2.7,NA
"684","20181115",9.57916666666667,NA,1.02083333333333,NA,8.65,NA,1.05,NA,16.1,NA,1.9,NA
"685","20181116",9.00833333333333,NA,1.675,NA,7.8,NA,1.25,NA,14.4,NA,3.9,NA
"686","20181117",4.98333333333333,NA,1.4625,NA,4.55,NA,1.35,NA,10.9,NA,2.9,NA
"687","20181118",5.875,NA,1.14583333333333,NA,6.9,NA,0.9,NA,10.1,NA,2.5,NA
"688","20181119",6.70416666666667,NA,1.375,NA,5.95,NA,1.05,NA,11.1,NA,2.8,NA
"689","20181120",6.23333333333333,NA,1.8625,NA,8,NA,1.6,NA,12.3,NA,3.8,NA
"690","20181121",6.24583333333333,0.24,1.075,NA,6.5,0,0.85,NA,8,NA,2.4,NA
"691","20181122",2.64583333333333,NA,2.325,NA,2.55,NA,2.55,NA,6.9,NA,3.4,NA
"692","20181123",1.68333333333333,NA,1.49166666666667,NA,2.05,NA,1.3,NA,6.5,NA,3.1,NA
"693","20181124",2.4,3.63333333333333,1.75416666666667,4.62941176470588,2.6,1.8,1.7,3.6,3.7,NA,3.1,NA
"694","20181125",4.8625,NA,0.966666666666667,1.725,4.1,NA,0.95,2.25,9.5,NA,1.5,3
"695","20181126",6.32083333333333,NA,1.02916666666667,0.29,5.8,NA,1.1,0.3,13.2,NA,1.6,NA
"696","20181127",7.06666666666667,NA,1.35,NA,6.5,NA,1.2,NA,12.5,NA,2.7,NA
"697","20181128",5.30416666666667,NA,1.69583333333333,NA,4.6,NA,1.6,NA,10.5,NA,3,NA
"698","20181129",3.44782608695652,0,1.2125,NA,3,0,1,NA,NA,NA,2.6,NA
"699","20181130",2.7625,NA,1.43333333333333,NA,2,NA,1.3,NA,7.8,NA,3.3,NA
"700","20181201",5.36666666666667,NA,1.01666666666667,NA,4.25,NA,1,NA,12.2,NA,2.1,NA
"701","20181202",7.61666666666667,NA,1.29583333333333,NA,9.65,NA,1.2,NA,11.6,NA,1.9,NA
"702","20181203",11.5,1.35714285714286,1.40416666666667,NA,11.25,1.5,1.55,NA,13.5,NA,2.3,NA
"703","20181204",7.69583333333333,1,2.6375,NA,8.6,0,2.4,NA,11.7,NA,4.9,NA
"704","20181205",-0.154166666666667,NA,1.54583333333333,NA,0.7,NA,1.35,NA,3.2,NA,3.1,NA
"705","20181206",2.6875,0,2.17083333333333,NA,1.5,0,2,NA,6.7,NA,4.9,NA
"706","20181207",-6.60416666666667,NA,3.89583333333333,NA,-7.05,NA,4.2,NA,-1,NA,5.4,NA
"707","20181208",-8.27083333333333,NA,2.47083333333333,NA,-8.65,NA,2.35,NA,-4.5,NA,4.5,NA
"708","20181209",-7.34583333333333,NA,1.70833333333333,NA,-6,NA,1.8,NA,-2.6,NA,3.3,NA
"709","20181210",-2.9625,NA,0.908333333333333,NA,-2.35,NA,0.8,NA,4.4,NA,2.7,NA
"710","20181211",0.0583333333333333,NA,1.16666666666667,NA,0.2,NA,1,NA,2.9,NA,3.1,NA
"711","20181212",-1.6625,NA,2.20416666666667,NA,-1.9,NA,2.1,NA,1.9,NA,3.5,NA
"712","20181213",-2.0625,0.325,1.84166666666667,0.966666666666667,-2.05,0.2,1.2,1,1.8,NA,4.2,NA
"713","20181214",-4.375,NA,1.74583333333333,NA,-5,NA,1.75,NA,0.5,NA,3.4,NA
"714","20181215",-2.75,NA,1.075,NA,-1.95,NA,1,NA,3.2,NA,1.7,NA
"715","20181216",-0.2875,0.1,0.918181818181818,0.4,0.4,0,0.9,0.4,1.9,NA,NA,NA
"716","20181217",1.82916666666667,0.15,1.90416666666667,NA,1.2,0.15,1.95,NA,5.8,NA,3.9,NA
"717","20181218",2.15,NA,1.33333333333333,NA,4,NA,1,NA,7.3,NA,3.3,NA
"718","20181219",4.35833333333333,NA,1.43333333333333,NA,3.85,NA,1.55,NA,9.4,NA,2.5,NA
"719","20181220",3.4375,NA,0.895833333333333,NA,2.35,NA,0.8,NA,10.1,NA,1.6,NA
"720","20181221",5.025,NA,1.06666666666667,NA,6.6,NA,1.05,NA,9.8,NA,1.8,NA
"721","20181222",7.0125,NA,1.42083333333333,NA,6.65,NA,1.4,NA,12.3,NA,2.9,NA
"722","20181223",3.14166666666667,NA,2.93333333333333,NA,3.45,NA,2.75,NA,7.2,NA,5.2,NA
"723","20181224",-2.18333333333333,NA,1.72083333333333,NA,-3.1,NA,1.7,NA,2.9,NA,2.9,NA
"724","20181225",0.0958333333333334,NA,1.29583333333333,NA,0.7,NA,1.25,NA,5,NA,2.6,NA
"725","20181226",-0.645833333333333,NA,2.725,NA,-0.2,NA,2.75,NA,3,NA,4.4,NA
"726","20181227",-9.63333333333333,NA,3.67916666666667,NA,-9.8,NA,3.8,NA,-7,NA,4.9,NA
"727","20181228",-10.8041666666667,NA,2.54583333333333,NA,-10.25,NA,2.5,NA,-6.9,NA,3.6,NA
"728","20181229",-7.575,NA,2.8125,NA,-8.3,NA,2.8,NA,-3.1,NA,4.2,NA
"729","20181230",-7.02083333333333,NA,1.26666666666667,NA,-7.05,NA,1.2,NA,-0.9,NA,2.4,NA
"730","20181231",-5.60833333333333,NA,1.2625,NA,-5.3,NA,0.95,NA,-0.6,NA,2.4,NA
"731","20190101",-4.77083333333333,NA,2.14583333333333,NA,-5.15,NA,2.2,NA,-0.9,NA,3.5,NA
"732","20190102",-4.93333333333333,NA,1.6375,NA,-4.5,NA,1.55,NA,0,NA,3.2,NA
"733","20190103",-3.48333333333333,NA,1.35416666666667,NA,-3.6,NA,1.3,NA,3.2,NA,2.4,NA
"734","20190104",-1.48333333333333,NA,1.175,NA,-0.95,NA,1.1,NA,3.9,NA,2.7,NA
"735","20190105",-2.35,NA,2.24583333333333,NA,-2.4,NA,2,NA,0.6,NA,3.7,NA
"736","20190106",-2.85833333333333,NA,1.21666666666667,NA,-3.75,NA,1.25,NA,2.5,NA,2.8,NA
"737","20190107",-1.97916666666667,NA,1.40416666666667,NA,-1.65,NA,1.15,NA,2.7,NA,3.6,NA
"738","20190108",-3.2,NA,2.525,NA,-3,NA,2.05,NA,0.3,NA,6.5,NA
"739","20190109",-4.9125,NA,1.35,NA,-4.3,NA,1.4,NA,0.8,NA,2.5,NA
"740","20190110",-1.07916666666667,NA,1.475,NA,-0.25,NA,1.5,NA,2.7,NA,3,NA
"741","20190111",2.40833333333333,NA,0.9625,NA,1.6,NA,0.9,NA,6.8,NA,2.2,NA
"742","20190112",2.93333333333333,NA,1.22083333333333,NA,1.5,NA,1,NA,7.8,NA,2.9,NA
"743","20190113",1.32916666666667,NA,1.30416666666667,NA,0.6,NA,1.35,NA,7.2,NA,3,NA
"744","20190114",1.1875,NA,0.85,NA,1.75,NA,0.75,NA,5.2,NA,1.8,NA
"745","20190115",-0.95,0,2.69166666666667,NA,-0.35,0,2.6,NA,2.6,NA,4.3,NA
"746","20190116",-5.5875,0,2.2875,NA,-4.95,0,2.35,NA,-1.7,NA,4,NA
"747","20190117",-0.333333333333333,0,1.84166666666667,NA,-1.1,0,1.45,NA,4,NA,4.5,NA
"748","20190118",0.3375,NA,1.325,NA,1.15,NA,1.05,NA,6.5,NA,3.1,NA
"749","20190119",3.33333333333333,NA,1.22916666666667,NA,3.75,NA,1.1,NA,8.1,NA,2.9,NA
"750","20190120",-0.541666666666667,NA,3.18333333333333,NA,-0.5,NA,3.15,NA,3.9,NA,5.3,NA
"751","20190121",-1.67916666666667,0,1.625,NA,-0.6,0,1.55,NA,3.9,NA,4.2,NA
"752","20190122",1.525,NA,1.72083333333333,NA,2.2,NA,1.45,NA,6.6,NA,3.9,NA
"753","20190123",2.21666666666667,NA,2.17916666666667,NA,1.3,NA,2.5,NA,6.9,NA,4.1,NA
"754","20190124",0.2,NA,1.76666666666667,NA,-0.65,NA,1.7,NA,6.2,NA,3.2,NA
"755","20190125",-1.08333333333333,NA,2.45833333333333,NA,-1.5,NA,2.3,NA,2.4,NA,4.9,NA
"756","20190126",-2.6125,NA,2.44166666666667,NA,-2.5,NA,2.6,NA,1.7,NA,4.3,NA
"757","20190127",-0.695833333333333,NA,1.80833333333333,NA,1.55,NA,1.9,NA,4.7,NA,2.9,NA
"758","20190128",1.66666666666667,0,3.24166666666667,NA,2.25,0,2.95,NA,4.2,NA,5.6,NA
"759","20190129",-0.279166666666667,NA,1.45416666666667,NA,-0.6,NA,1.4,NA,6.7,NA,2.6,NA
"760","20190130",1.68333333333333,NA,1.5125,NA,2.1,NA,1.45,NA,6.4,NA,3.3,NA
"761","20190131",-1.39166666666667,NA,3.00833333333333,NA,-1.3,NA,3.1,NA,2.3,NA,4.3,NA
"762","20190201",-2.46666666666667,0.15,1.77083333333333,0.2,-0.35,0.15,1.55,0.2,2.4,NA,4,NA
"763","20190202",1.05416666666667,NA,1.03333333333333,0.2,0.95,NA,1.1,0.2,5.7,NA,1.6,NA
"764","20190203",3.49583333333333,2,1.6375,NA,3.65,1.25,1.7,NA,4.9,NA,2.8,NA
"765","20190204",-0.3125,NA,1.99583333333333,NA,-0.6,NA,2,NA,2.6,NA,3.3,NA
"766","20190205",2.36666666666667,NA,0.995833333333333,NA,2.9,NA,1.05,NA,10.1,NA,2.3,NA
"767","20190206",4.6875,NA,1.39166666666667,NA,5.7,NA,1.35,NA,9.3,NA,2.6,NA
"768","20190207",-0.816666666666667,0.166666666666667,3.47916666666667,0,-1.05,0,3.6,0,6.3,NA,5,NA
"769","20190208",-6.2375,NA,2.21666666666667,NA,-5.15,NA,2,NA,-1.5,NA,4.7,NA
"770","20190209",-5.25416666666667,NA,2.65416666666667,NA,-5.4,NA,2.8,NA,-2.4,NA,4.2,NA
"771","20190210",-5.22083333333333,NA,1.7125,NA,-4,NA,1.7,NA,-2,NA,3.2,NA
"772","20190211",-3.0125,NA,2.29166666666667,NA,-2.7,NA,2.25,NA,1.6,NA,3.8,NA
"773","20190212",-0.645833333333333,0,1.77916666666667,NA,-0.9,0,1.8,NA,3.3,NA,3.2,NA
"774","20190213",-1.98333333333333,NA,2.30833333333333,NA,-2.3,NA,2.2,NA,2.5,NA,4,NA
"775","20190214",-0.666666666666667,NA,1.43333333333333,NA,-0.65,NA,1.25,NA,6.3,NA,2.7,NA
"776","20190215",-0.654166666666667,0.366666666666667,1.87083333333333,0.857142857142857,-0.55,0.3,1.85,0.45,0.7,NA,3.4,NA
"777","20190216",-2.42916666666667,0.1,2.55,0.491666666666667,-2.7,0.1,2.6,0.45,1.5,NA,3.6,NA
"778","20190217",-1.84583333333333,NA,1.85833333333333,NA,-1.7,NA,1.9,NA,4.4,NA,3.2,NA
"779","20190218",0.475,NA,1.37916666666667,NA,1.75,NA,1.35,NA,5.7,NA,2.5,NA
"780","20190219",1.46666666666667,0.92,1.35833333333333,1.115,1.4,0.7,1.3,0.5,2.8,NA,3.7,NA
"781","20190220",1.9,0,2.09583333333333,0.4,1.2,0,2.2,0.4,4.3,NA,3.3,NA
"782","20190221",2.19166666666667,NA,1.48333333333333,NA,1.35,NA,1.5,NA,8.4,NA,2.5,NA
"783","20190222",3.77083333333333,NA,1.49583333333333,NA,3.95,NA,1.3,NA,10.5,NA,3,NA
"784","20190223",6.6875,NA,1.1125,NA,6.1,NA,1.1,NA,14.1,NA,2.5,NA
"785","20190224",6.3875,NA,1.75,NA,5.1,NA,1.75,NA,13.7,NA,3.1,NA
"786","20190225",4.7875,NA,2.275,NA,3.8,NA,2.4,NA,10,NA,3.8,NA
"787","20190226",4.8375,NA,1.55416666666667,NA,6.3,NA,1.5,NA,11.6,NA,2.8,NA
"788","20190227",8.04583333333333,NA,1.5625,NA,6.45,NA,1.55,NA,14,NA,3.2,NA
"789","20190228",6.675,NA,1.85833333333333,NA,6.1,NA,1.75,NA,12.7,NA,3.4,NA
"790","20190301",6.68333333333333,NA,2.025,NA,6.55,NA,2.15,NA,12.9,NA,4,NA
"791","20190302",7.6375,NA,1.06666666666667,NA,7.65,NA,1,NA,14.6,NA,3.1,NA
"792","20190303",9.175,NA,1.52083333333333,NA,9.75,NA,1.25,NA,15.7,NA,3.2,NA
"793","20190304",10.0083333333333,NA,1.83333333333333,NA,9,NA,1.7,NA,16.1,NA,4.7,NA
"794","20190305",8.24583333333333,NA,1.92083333333333,NA,7.8,NA,1.95,NA,12.8,NA,3.5,NA
"795","20190306",8.47083333333333,NA,1.89583333333333,NA,7.7,NA,1.95,NA,12.3,NA,3.8,NA
"796","20190307",7.27916666666667,NA,2.275,NA,6.35,NA,2.15,NA,12.7,NA,4.3,NA
"797","20190308",6.10416666666667,NA,1.99583333333333,NA,4.65,NA,1.85,NA,13.1,NA,4.1,NA
"798","20190309",6.675,NA,1.4625,NA,7.75,NA,1.35,NA,14.3,NA,2.9,NA
"799","20190310",10.0958333333333,NA,1.17083333333333,NA,9.1,NA,1.1,NA,15.2,NA,2.4,NA
"800","20190311",6.6875,0,1.75,NA,6.5,0,2.15,NA,9.8,NA,3.4,NA
"801","20190312",4.3875,0,2.75833333333333,NA,4.4,0,2.6,NA,7.6,NA,4.9,NA
"802","20190313",3.27083333333333,0,3.2375,NA,2.95,0,3.25,NA,8.3,NA,7,NA
"803","20190314",4.5875,0,1.9,NA,7,0,2.05,NA,9.6,NA,3.5,NA
"804","20190315",5.90833333333333,1.75,1.52916666666667,NA,5.65,1.75,1.35,NA,10.9,NA,4,NA
"805","20190316",4.10833333333333,0,1.91666666666667,NA,4.3,0,1.85,NA,8.6,NA,4.5,NA
"806","20190317",6.3375,NA,2.02916666666667,NA,5.45,NA,2.15,NA,12,NA,4.3,NA
"807","20190318",6.91666666666667,NA,1.35833333333333,NA,6.85,NA,1.2,NA,14.1,NA,3.4,NA
"808","20190319",9.6375,NA,1.46666666666667,NA,9.75,NA,1.3,NA,16.7,NA,3,NA
"809","20190320",10.2041666666667,3.46666666666667,1.30833333333333,NA,9.85,2.4,1.4,NA,14.4,NA,2.4,NA
"810","20190321",7.7875,2.35,2.8625,NA,8.75,1.65,3.25,NA,10.9,NA,4.9,NA
"811","20190322",3.325,NA,2.94166666666667,NA,3.05,NA,3.05,NA,8.3,NA,4.9,NA
"812","20190323",3.35416666666667,0.85,2.425,NA,3.5,0.85,2.2,NA,7.3,NA,5.2,NA
"813","20190324",4.1,NA,2.34166666666667,NA,3.85,NA,2.05,NA,9.3,NA,4.4,NA
"814","20190325",6.95416666666667,NA,2.0375,NA,7.65,NA,1.5,NA,11.2,NA,4.6,NA
"815","20190326",11.3375,NA,1.95833333333333,NA,10.9,NA,1.9,NA,17.5,NA,2.8,NA
"816","20190327",11.625,NA,3.0375,NA,10.55,NA,3.15,NA,15.8,NA,5.2,NA
"817","20190328",9.5125,NA,2.725,NA,8.7,NA,2.85,NA,14.2,NA,4.5,NA
"818","20190329",9.29583333333333,NA,2.05833333333333,NA,7.9,NA,2.05,NA,14.9,NA,3.8,NA
"819","20190330",5.34166666666667,0.257142857142857,3.12083333333333,NA,4.85,0,3.1,NA,7.9,NA,5.9,NA
"820","20190331",4.4,0,3.1625,NA,3.65,0,3.1,NA,8,NA,4.8,NA
"821","20190401",5.2,NA,2.53333333333333,NA,5.4,NA,2.35,NA,11.2,NA,5.3,NA
"822","20190402",6.525,NA,2.25833333333333,NA,6.05,NA,2.25,NA,12.5,NA,4.9,NA
"823","20190403",7.49166666666667,NA,2.22083333333333,NA,6.65,NA,2.05,NA,13.3,NA,4.1,NA
"824","20190404",8.9625,NA,2.475,NA,9.35,NA,2.75,NA,15.6,NA,4.5,NA
"825","20190405",11.3625,0,2.87916666666667,NA,10.7,0,3,NA,17,NA,4.3,NA
"826","20190406",9.30833333333333,0.133333333333333,1.0875,NA,9.55,0.05,0.9,NA,12,NA,2.5,NA
"827","20190407",12.3166666666667,NA,1.69583333333333,NA,12.1,NA,1.3,NA,19.9,NA,4,NA
"828","20190408",11.7208333333333,NA,2.50833333333333,NA,10.65,NA,2.5,NA,16.8,NA,4.5,NA
"829","20190409",9.59583333333333,1.72222222222222,2.2875,NA,8.9,1.9,2.4,NA,13.4,NA,4.4,NA
"830","20190410",7.0625,0.441176470588235,1.8125,NA,6.95,0.2,1.85,NA,9.9,NA,3,NA
"831","20190411",9.41666666666667,NA,1.8125,NA,9.45,NA,1.55,NA,15.2,NA,4.4,NA
"832","20190412",11.2708333333333,NA,2.3125,NA,10.4,NA,2.2,NA,18.2,NA,4.7,NA
"833","20190413",11.675,NA,1.8625,NA,11.1,NA,1.6,NA,17.6,NA,4.3,NA
"834","20190414",9.80416666666667,0.242857142857143,2.14166666666667,NA,9.45,0,2,NA,13.5,NA,5.4,NA
"835","20190415",11.2125,NA,1.74166666666667,NA,12.15,NA,1.4,NA,17.7,NA,4.2,NA
"836","20190416",14.575,NA,1.74166666666667,NA,15.25,NA,1.2,NA,22.1,NA,3.8,NA
"837","20190417",15.2416666666667,NA,1.8125,NA,14.3,NA,1.6,NA,21.6,NA,4,NA
"838","20190418",12.8833333333333,0,1.92083333333333,NA,12.8,0,1.65,NA,15.7,NA,4.7,NA
"839","20190419",13.6916666666667,NA,1.52916666666667,NA,13.3,NA,1.55,NA,19.3,NA,2.8,NA
"840","20190420",14.1041666666667,0.15,1.8125,NA,14.2,0.1,1.3,NA,18.9,NA,3.5,NA
"841","20190421",14.9416666666667,0.18,1.8875,NA,13.85,0.1,1.9,NA,20.1,NA,4.1,NA
"842","20190422",18.7833333333333,NA,1.50833333333333,NA,19.55,NA,1.5,NA,28,NA,2.9,NA
"843","20190423",20.2625,NA,1.29166666666667,NA,19.4,NA,1.25,NA,25.3,NA,3.1,NA
"844","20190424",19.5416666666667,0.455555555555556,1.6375,NA,18.7,0.2,1.4,NA,25.6,NA,4.2,NA
"845","20190425",13.8,0.838461538461538,2.05416666666667,NA,14.8,0.6,2.4,NA,17.1,NA,3.1,NA
"846","20190426",8.70416666666667,0.294444444444444,1.50833333333333,NA,8.95,0.15,1.6,NA,9.9,NA,2.3,NA
"847","20190427",11.0375,NA,1.72916666666667,NA,11.9,NA,1.65,NA,18,NA,3.6,NA
"848","20190428",12.9416666666667,0,1.7125,NA,11.95,0,1.7,NA,16.2,NA,3.5,NA
"849","20190429",12.8375,NA,0.891666666666667,NA,13.4,NA,0.8,NA,17.3,NA,2,NA
"850","20190430",15.3291666666667,NA,1.64166666666667,NA,14.8,NA,1.3,NA,22.3,NA,3.3,NA
"851","20190501",16.1916666666667,NA,2.15,NA,16.7,NA,2.2,NA,21.9,NA,4.1,NA
"852","20190502",17.1208333333333,NA,2.47083333333333,NA,16.4,NA,2.3,NA,25,NA,5.1,NA
"853","20190503",17.8083333333333,NA,1.63333333333333,NA,17.15,NA,1.3,NA,25.8,NA,3.3,NA
"854","20190504",19.2666666666667,NA,1.69166666666667,NA,18.85,NA,1.55,NA,27.3,NA,3.8,NA
"855","20190505",19.4208333333333,NA,2.15,NA,18.25,NA,2.05,NA,26.4,NA,4.5,NA
"856","20190506",14.6083333333333,0,3.13333333333333,NA,14.25,0,3.05,NA,19.7,NA,5,NA
"857","20190507",14.9708333333333,NA,2.34583333333333,NA,14.7,NA,2.05,NA,21.5,NA,4.8,NA
"858","20190508",15.5125,NA,2.47916666666667,NA,15.35,NA,2.7,NA,21,NA,4.3,NA
"859","20190509",16.6375,NA,2.325,NA,15.45,NA,2.4,NA,22.6,NA,4.4,NA
"860","20190510",17.5666666666667,NA,1.91666666666667,NA,16.8,NA,1.85,NA,26.1,NA,3.5,NA
"861","20190511",20.1416666666667,NA,1.85416666666667,NA,19.55,NA,1.85,NA,27.6,NA,3.6,NA
"862","20190512",21.475,NA,1.54166666666667,NA,21.3,NA,1.5,NA,28.7,NA,3,NA
"863","20190513",18.8208333333333,0,1.55416666666667,NA,18.65,0,1.3,NA,22.8,NA,4.6,NA
"864","20190514",19.5541666666667,NA,1.4125,NA,19.4,NA,1.2,NA,26.6,NA,3.8,NA
"865","20190515",20.6,NA,1.7625,NA,19.75,NA,1.6,NA,27.7,NA,3.4,NA
"866","20190516",23.2375,NA,1.54583333333333,NA,23,NA,1.25,NA,29.9,NA,3.7,NA
"867","20190517",23.4375,NA,1.20416666666667,NA,23.6,NA,1.1,NA,28.2,NA,2.5,NA
"868","20190518",22.8583333333333,0,2.13333333333333,NA,22.9,0,2.25,NA,25.2,NA,3.9,NA
"869","20190519",19.6208333333333,1.04761904761905,1.11666666666667,NA,20,0.7,1.1,NA,21.6,NA,2.3,NA
"870","20190520",16.95,2.175,3.2,NA,17,1.75,3.2,NA,20.2,NA,5.2,NA
"871","20190521",17.0958333333333,NA,3.00833333333333,NA,16.75,NA,2.9,NA,23.2,NA,5.8,NA
"872","20190522",19.2375,NA,2.31666666666667,NA,19.85,NA,2.1,NA,26.3,NA,4.7,NA
"873","20190523",21.925,NA,1.79166666666667,NA,21.8,NA,1.9,NA,28.9,NA,2.8,NA
"874","20190524",24.1083333333333,NA,1.65833333333333,NA,23.4,NA,1.5,NA,33.2,NA,3.6,NA
"875","20190525",23.5041666666667,NA,1.65,NA,23.7,NA,1.45,NA,28.4,NA,3.5,NA
"876","20190526",24.4541666666667,NA,1.7375,NA,23.5,NA,1.4,NA,30.5,NA,3.8,NA
"877","20190527",18.55,0.473333333333333,2.60416666666667,NA,18.25,0.3,2.55,NA,22.2,NA,5.1,NA
"878","20190528",17.9583333333333,NA,2.49583333333333,NA,17.8,NA,2.55,NA,24,NA,4.9,NA
"879","20190529",20.0416666666667,NA,1.925,NA,20.05,NA,1.8,NA,26.4,NA,4.3,NA
"880","20190530",19.7166666666667,0,2.39166666666667,NA,19.4,0,2.65,NA,24.1,NA,5.1,NA
"881","20190531",19.2458333333333,0,2.8375,NA,18.05,0,2.65,NA,23,NA,4.9,NA
"882","20190601",18.8291666666667,NA,2.06666666666667,NA,18.4,NA,1.8,NA,23.2,NA,3.6,NA
"883","20190602",20.9041666666667,NA,1.73333333333333,NA,20.9,NA,1.45,NA,27.5,NA,4.5,NA
"884","20190603",22.8166666666667,NA,1.74166666666667,NA,23.25,NA,1.7,NA,29.4,NA,4.1,NA
"885","20190604",22.8333333333333,NA,2.14166666666667,NA,21.5,NA,2.35,NA,28.6,NA,3.6,NA
"886","20190605",22.8791666666667,NA,1.80833333333333,NA,22.65,NA,1.85,NA,29.4,NA,3.3,NA
"887","20190606",21.2875,0.822222222222222,1.21666666666667,NA,21.3,0.2,1.1,NA,25.1,NA,2.7,NA
"888","20190607",20.0125,2.52857142857143,1.93333333333333,NA,19.5,1.15,1.95,NA,24.4,NA,3.3,NA
"889","20190608",21.6958333333333,NA,1.3625,NA,21.75,NA,1.05,NA,27.4,NA,3.6,NA
"890","20190609",21.85,0.625,1.80833333333333,NA,21.35,0.45,1.9,NA,26.4,NA,3.1,NA
"891","20190610",18.4083333333333,0.95,1.51666666666667,NA,18.4,0.7,1.45,NA,21.7,NA,2.2,NA
"892","20190611",20.4958333333333,NA,1.49166666666667,NA,20.65,NA,1.35,NA,26,NA,2.3,NA
"893","20190612",21.5583333333333,NA,1.83333333333333,NA,21.55,NA,1.5,NA,26.2,NA,3.8,NA
"894","20190613",22.7958333333333,NA,1.71666666666667,NA,22.95,NA,1.6,NA,28.8,NA,3.4,NA
"895","20190614",22.9458333333333,NA,1.7875,NA,22.1,NA,1.7,NA,28.2,NA,3.1,NA
"896","20190615",22.0125,2.1,2.5375,NA,20.65,2.1,2.6,NA,27.1,NA,4.5,NA
"897","20190616",21.6625,NA,1.6375,NA,21.9,NA,1.3,NA,26.7,NA,3.5,NA
"898","20190617",21.7916666666667,0,2.33333333333333,NA,20.85,0,2.35,NA,25.9,NA,3.9,NA
"899","20190618",20.6166666666667,0.92,1.46666666666667,NA,20.05,0.3,1.4,NA,24.5,NA,2.9,NA
"900","20190619",21.3666666666667,0.0285714285714286,1.85833333333333,NA,20.55,0,1.8,NA,25.2,NA,3,NA
"901","20190620",22.75,NA,1.84583333333333,NA,22,NA,1.65,NA,27.7,NA,3.5,NA
"902","20190621",22.0458333333333,0.1,1.74166666666667,NA,21.6,0.1,1.65,NA,26,NA,3.1,NA
"903","20190622",23.9041666666667,NA,1.5375,NA,24.35,NA,1.6,NA,30.1,NA,2.2,NA
"904","20190623",24.8833333333333,NA,1.75,NA,24.5,NA,1.5,NA,30.8,NA,3.8,NA
"905","20190624",25.3625,NA,1.85833333333333,NA,24.3,NA,1.85,NA,30.6,NA,3.8,NA
"906","20190625",25.475,NA,1.64583333333333,NA,25.1,NA,1.4,NA,32.5,NA,3.4,NA
"907","20190626",25.3541666666667,0,1.3125,NA,26,0,1.2,NA,29.2,NA,2.6,NA
"908","20190627",25.5375,0.2,1.45416666666667,NA,24.55,0,1.15,NA,31.1,NA,3.4,NA
"909","20190628",24.9583333333333,0,1.71666666666667,NA,24.5,0,1.7,NA,28.6,NA,3.1,NA
"910","20190629",23.0375,0.15,1.07083333333333,NA,22.75,0.1,1.15,NA,27.2,NA,1.8,NA
"911","20190630",23.9833333333333,0,2.34166666666667,NA,23.65,0,2.4,NA,28.2,NA,4.5,NA
"912","20190701",23.9666666666667,NA,2.29166666666667,NA,23,NA,2.45,NA,28.7,NA,4.4,NA
"913","20190702",24.2875,NA,2.25833333333333,NA,23.1,NA,2.05,NA,29.4,NA,3.9,NA
"914","20190703",24.175,NA,1.79166666666667,NA,23.9,NA,1.55,NA,27.3,NA,3.3,NA
"915","20190704",25.3541666666667,NA,2.0375,NA,24.3,NA,1.9,NA,32.3,NA,4.5,NA
"916","20190705",27.2958333333333,0,1.45416666666667,NA,28.1,0,1.3,NA,34.4,NA,4.3,NA
"917","20190706",29.8666666666667,0,1.54166666666667,NA,28.9,0,1.8,NA,35.8,NA,2.7,NA
"918","20190707",26.8583333333333,NA,2.26666666666667,NA,26,NA,2.4,NA,32,NA,2.9,NA
"919","20190708",25.125,NA,1.9625,NA,24.35,NA,1.8,NA,31,NA,3.2,NA
"920","20190709",25.1125,NA,1.8375,NA,25.15,NA,1.8,NA,29.8,NA,2.9,NA
"921","20190710",22.7875,0.82,2.125,NA,22.05,0.3,2,NA,27.2,NA,3.2,NA
"922","20190711",21.7875,0.228571428571429,1.29583333333333,NA,21.25,0.05,1.35,NA,25.6,NA,2.5,NA
"923","20190712",23.4666666666667,0,2.00416666666667,NA,23.3,0,1.8,NA,28.1,NA,3.2,NA
"924","20190713",24.8708333333333,0,1.65833333333333,NA,24.1,0,1.55,NA,29.2,NA,2.7,NA
"925","20190714",25.7583333333333,NA,1.65,NA,25,NA,1.5,NA,31.2,NA,3.5,NA
"926","20190715",23.8708333333333,1.08571428571429,1.05,NA,23.15,0.4,0.9,NA,27.2,NA,2.7,NA
"927","20190716",24.3583333333333,1.28,1.38333333333333,NA,24.3,0.8,1.1,NA,28.6,NA,3,NA
"928","20190717",25.5416666666667,0.7,1.17916666666667,NA,25.95,0.7,1.1,NA,28.9,NA,2.8,NA
"929","20190718",27.0416666666667,NA,1.12083333333333,NA,26.7,NA,0.8,NA,31.6,NA,2.8,NA
"930","20190719",28.375,0,1.44583333333333,NA,28.2,0,1.4,NA,34.9,NA,2.9,NA
"931","20190720",28.3083333333333,0.122222222222222,2.09583333333333,NA,28.1,0,2.1,NA,31.3,NA,2.9,NA
"932","20190721",25.2583333333333,0.413333333333333,2.27083333333333,NA,25.2,0.3,2.5,NA,26.9,NA,4,NA
"933","20190722",26.6833333333333,0.0333333333333333,2.13333333333333,NA,25.75,0,2.2,NA,30.7,NA,3.1,NA
"934","20190723",27.9041666666667,NA,1.7375,NA,27.65,NA,1.9,NA,32.6,NA,3.6,NA
"935","20190724",26.4416666666667,0.0666666666666667,1.59166666666667,NA,26.75,0,1.55,NA,27.1,NA,3.4,NA
"936","20190725",26.3541666666667,0.646666666666667,1.25,NA,26.4,0.2,1.05,NA,27.3,NA,3,NA
"937","20190726",25.0583333333333,3,1.72083333333333,NA,25.15,0.2,1.85,NA,25.8,NA,3.7,NA
"938","20190727",28.1,0.1,1.15,NA,28.2,0,0.85,NA,33,NA,3.6,NA
"939","20190728",26.3083333333333,1.28,2.00416666666667,NA,26.25,0.2,2.1,NA,28.2,NA,3.1,NA
"940","20190729",27.4208333333333,0.166666666666667,2.6625,NA,27.6,0,2.7,NA,29.9,NA,4.9,NA
"941","20190730",28.0416666666667,0.171428571428571,3.44583333333333,NA,27.75,0,3.5,NA,30.6,NA,4.8,NA
"942","20190731",25.8708333333333,3.11,2.29583333333333,NA,26.05,0.35,2.6,NA,27.4,NA,4.4,NA
"943","20190801",26.4125,2.25,1.69583333333333,NA,26.45,0.4,1.65,NA,30,NA,4.2,NA
"944","20190802",28.375,NA,1.25833333333333,NA,28.3,NA,1.15,NA,32.9,NA,2.8,NA
"945","20190803",29.4041666666667,1,1.3625,NA,28.45,0.1,1.1,NA,35.5,NA,3.5,NA
"946","20190804",28.4583333333333,2.86666666666667,1.2125,NA,27.05,0.9,0.95,NA,33.9,NA,2.7,NA
"947","20190805",30.3125,NA,1.1375,NA,30.95,NA,0.85,NA,35.5,NA,2.4,NA
"948","20190806",31.7208333333333,NA,1.55416666666667,NA,30.7,NA,1.5,NA,36.7,NA,2.5,NA
"949","20190807",26.9833333333333,0.666666666666667,1.175,NA,27,0.5,1.05,NA,30.2,NA,2.6,NA
"950","20190808",28.8166666666667,0,1.56666666666667,NA,28.55,0,1.2,NA,32.5,NA,3,NA
"951","20190809",29.8125,NA,1.30833333333333,NA,29.35,NA,1.3,NA,34.5,NA,3,NA
"952","20190810",31.4041666666667,NA,1.55,NA,31.6,NA,1.45,NA,36.5,NA,2.9,NA
"953","20190811",30.7041666666667,0.68,2.48333333333333,NA,31.1,0,2.3,NA,35.4,NA,4,NA
"954","20190812",26.5291666666667,2.70454545454545,1.27916666666667,NA,26.5,2.25,1.25,NA,28.4,NA,2.1,NA
"955","20190813",29.1791666666667,6.4,1.375,NA,29,6.4,1.4,NA,35.2,NA,2.4,NA
"956","20190814",30.2833333333333,NA,1.525,NA,29.85,NA,1.3,NA,35.5,NA,2.7,NA
"957","20190815",26.3083333333333,1.62,1.33333333333333,NA,26.3,0.5,1.3,NA,28.6,NA,2.3,NA
"958","20190816",25.8083333333333,0.0333333333333333,2.2125,NA,25.75,0,2.1,NA,29.1,NA,4.6,NA
"959","20190817",26.025,0,2.6375,NA,25.3,0,2.55,NA,28.8,NA,4.1,NA
"960","20190818",25.6333333333333,NA,1.64166666666667,NA,24.9,NA,1.6,NA,30.7,NA,2.7,NA
"961","20190819",26.1458333333333,NA,1.04583333333333,NA,26.25,NA,1,NA,30.9,NA,2.3,NA
"962","20190820",27.9541666666667,NA,1.34166666666667,NA,28.35,NA,1.25,NA,32.7,NA,2.4,NA
"963","20190821",27.1666666666667,0.216666666666667,1.29166666666667,NA,26.8,0.2,1.2,NA,30.4,NA,3.1,NA
"964","20190822",26.7583333333333,NA,1.64583333333333,NA,26.2,NA,1.8,NA,31.3,NA,3.7,NA
"965","20190823",26.3541666666667,NA,2.125,NA,25.65,NA,2.2,NA,30.1,NA,3.5,NA
"966","20190824",23.9583333333333,NA,1.41666666666667,NA,23.65,NA,1.55,NA,27.3,NA,2.9,NA
"967","20190825",24.7041666666667,NA,1.625,NA,24.6,NA,1.3,NA,29.9,NA,3.2,NA
"968","20190826",26.275,NA,1.2875,NA,26.35,NA,1.2,NA,31.4,NA,3.1,NA
"969","20190827",25.7291666666667,2.85714285714286,0.941666666666667,NA,25.6,0.3,0.8,NA,29.2,NA,1.8,NA
"970","20190828",26.0041666666667,NA,2.025,NA,25.25,NA,2.05,NA,29.9,NA,3.8,NA
"971","20190829",23.5875,6.15,2.14166666666667,NA,23.8,0.85,2.1,NA,26.2,NA,4.8,NA
"972","20190830",22.6166666666667,0.05,2.38333333333333,NA,22.5,0,2.6,NA,26.6,NA,4.2,NA
"973","20190831",23.4041666666667,NA,1.90833333333333,NA,23.05,NA,2,NA,28.5,NA,3.2,NA
"974","20190901",23.6291666666667,NA,1.40416666666667,NA,23.85,NA,1.5,NA,27.7,NA,2.3,NA
"975","20190902",24.35,NA,1.5125,NA,24.45,NA,1.5,NA,29.3,NA,2.9,NA
"976","20190903",24.1708333333333,0,2.26666666666667,NA,23.15,0,2.15,NA,27.8,NA,3.5,NA
"977","20190904",22.7875,1.51333333333333,2.5125,NA,22.4,0.7,2.55,NA,25.3,NA,4.2,NA
"978","20190905",23.1041666666667,3.03333333333333,2.0125,NA,22.6,0.35,1.9,NA,27.1,NA,3.8,NA
"979","20190906",25.0416666666667,0.342857142857143,2.1,NA,25.6,0.1,2.1,NA,29.1,NA,2.8,NA
"980","20190907",25.6708333333333,0.128571428571429,5.88333333333333,NA,25.35,0,5.9,NA,29.5,NA,9.1,NA
"981","20190908",24.6708333333333,0.05,2.07916666666667,NA,24.1,0.05,2,NA,27.2,NA,4.9,NA
"982","20190909",24.9166666666667,0,1.90833333333333,NA,25,0,1.95,NA,27.8,NA,3.6,NA
"983","20190910",23.8833333333333,2.98095238095238,2.3875,NA,23.75,1.6,2.2,NA,26.3,NA,3.3,NA
"984","20190911",24.3791666666667,1.025,3.06666666666667,NA,24,0.75,3.35,NA,28.2,NA,4.1,NA
"985","20190912",21.2791666666667,0.354545454545455,2.74166666666667,NA,21.65,0.3,3,NA,22.8,NA,4.5,NA
"986","20190913",22.9791666666667,0.05,1.6375,NA,23.1,0.05,1.7,NA,29,NA,2.6,NA
"987","20190914",22.4541666666667,0.06,1.2375,NA,22.2,0,1.05,NA,24,NA,2.6,NA
"988","20190915",24.0916666666667,NA,1.6875,NA,24.3,NA,1.75,NA,29.5,NA,2.8,NA
"989","20190916",24.5791666666667,NA,2.1375,NA,23.2,NA,1.95,NA,30.4,NA,4.1,NA
"990","20190917",23.4083333333333,NA,2.09583333333333,NA,23.3,NA,2.25,NA,28.9,NA,4.1,NA
"991","20190918",21.4958333333333,NA,3.0625,NA,21.35,NA,3.1,NA,25.2,NA,4.8,NA
"992","20190919",19.3875,NA,1.7375,NA,19.05,NA,1.65,NA,26,NA,3.5,NA
"993","20190920",19.3833333333333,NA,1.975,NA,20.15,NA,2,NA,23.8,NA,3.2,NA
"994","20190921",19.7166666666667,NA,1.975,NA,19.4,NA,1.95,NA,22.1,NA,2.9,NA
"995","20190922",18.6375,0.05,3.55,NA,18.65,0,3.6,NA,19.6,NA,5.3,NA
"996","20190923",20.1083333333333,NA,2.30416666666667,NA,19.35,NA,2.25,NA,24.5,NA,4.7,NA
"997","20190924",19.7125,NA,1.83333333333333,NA,19.4,NA,1.7,NA,26.3,NA,3.1,NA
"998","20190925",20.7666666666667,NA,1.40416666666667,NA,21.1,NA,1.4,NA,27.2,NA,2.3,NA
"999","20190926",22.7291666666667,NA,1.70833333333333,NA,23.05,NA,1.65,NA,28.6,NA,2.5,NA
"1000","20190927",22.9166666666667,NA,1.85,NA,22.65,NA,1.85,NA,26.9,NA,2.7,NA
"1001","20190928",23.7375,NA,1.725,NA,22.75,NA,1.65,NA,28.8,NA,2.9,NA
"1002","20190929",22.6583333333333,NA,1.68636363636364,NA,21.75,NA,1.4,NA,28.5,NA,NA,NA
"1003","20190930",22.4083333333333,NA,1.5125,NA,22.1,NA,1.55,NA,29.4,NA,2.7,NA
"1004","20191001",22.9541666666667,NA,1.9,NA,23.3,NA,1.9,NA,28.1,NA,3.6,NA
"1005","20191002",21.7791666666667,1.52142857142857,2.99166666666667,NA,21.7,1.7,3.15,NA,24,NA,4.7,NA
"1006","20191003",22.375,0.64,2.81666666666667,NA,21.5,0.4,2.75,NA,27,NA,4.2,NA
"1007","20191004",22.375,NA,2.12083333333333,NA,21.75,NA,2.2,NA,27.6,NA,3.4,NA
"1008","20191005",19.2416666666667,0.12,2.88333333333333,NA,19.7,0,3.15,NA,21.8,NA,4,NA
"1009","20191006",17.7458333333333,NA,2.9375,NA,18.45,NA,2.65,NA,22.6,NA,4.5,NA
"1010","20191007",15.1083333333333,1.41111111111111,1.84583333333333,NA,14.8,0.9,2,NA,17.9,NA,3.5,NA
"1011","20191008",15.0125,NA,2.49583333333333,NA,13.6,NA,2.7,NA,19.5,NA,5.6,NA
"1012","20191009",13.6041666666667,NA,1.6375,NA,13.15,NA,1.65,NA,20.1,NA,3.1,NA
"1013","20191010",14.7791666666667,NA,1.26666666666667,NA,15.2,NA,1.3,NA,19.5,NA,2.1,NA
"1014","20191011",18.7291666666667,NA,1.9625,NA,18.55,NA,1.8,NA,26,NA,4.2,NA
"1015","20191012",18.1166666666667,NA,3.50416666666667,NA,16.75,NA,3.95,NA,23.1,NA,5.2,NA
"1016","20191013",17.05,NA,1.93333333333333,NA,16.8,NA,2,NA,23.5,NA,3.5,NA
"1017","20191014",14.8,NA,2.375,NA,14.6,NA,2.7,NA,19.3,NA,4.8,NA
"1018","20191015",14.2875,NA,1.70416666666667,NA,14.6,NA,1.6,NA,20.3,NA,4.3,NA
"1019","20191016",14.425,NA,1.6875,NA,14.55,NA,1.6,NA,20.5,NA,3.3,NA
"1020","20191017",15.5125,NA,1.69583333333333,NA,14.6,NA,1.75,NA,21.3,NA,3.5,NA
"1021","20191018",16.8625,NA,2.49166666666667,NA,17.1,NA,2.25,NA,22.7,NA,4,NA
"1022","20191019",17.1458333333333,NA,1.7,NA,16.2,NA,1.7,NA,22.7,NA,3,NA
"1023","20191020",16.6791666666667,NA,1.24166666666667,NA,15.85,NA,1.2,NA,22.8,NA,2.6,NA
"1024","20191021",16.9833333333333,NA,1.11666666666667,NA,16.75,NA,1.1,NA,24.3,NA,1.9,NA
"1025","20191022",18.025,NA,1.70416666666667,NA,17.75,NA,1.9,NA,23.9,NA,2.7,NA
"1026","20191023",16.9791666666667,NA,2.32916666666667,NA,16.8,NA,2.2,NA,20.7,NA,3.1,NA
"1027","20191024",18.35,NA,2.625,NA,17.4,NA,2.6,NA,23.5,NA,4.4,NA
"1028","20191025",16.9708333333333,0,2.2625,NA,16.15,0,2.25,NA,21.7,NA,4.5,NA
"1029","20191026",10.4083333333333,NA,2.70833333333333,NA,10.1,NA,2.65,NA,14.2,NA,4.9,NA
"1030","20191027",10.6416666666667,NA,1.7,NA,11.05,NA,1.5,NA,17.2,NA,4,NA
"1031","20191028",12.6875,0.433333333333333,2.675,NA,13.7,0.2,2.85,NA,17.6,NA,4.4,NA
"1032","20191029",13.0458333333333,0.25,2.4,NA,12.8,0.25,2.05,NA,17.6,NA,5.1,NA
"1033","20191030",11.0208333333333,NA,1.65,NA,11.2,NA,1.45,NA,17.7,NA,3.4,NA
"1034","20191031",14.225,NA,2.20833333333333,NA,16.3,NA,2.05,NA,19.5,NA,4.1,NA
"1035","20191101",15.3,NA,1.8,NA,14.75,NA,1.8,NA,20.4,NA,3.5,NA
"1036","20191102",13.35,NA,1.42083333333333,NA,13.85,NA,1.4,NA,18.7,NA,2.8,NA
"1037","20191103",14.7375,NA,2.19583333333333,NA,13.65,NA,1.95,NA,22,NA,4.7,NA
"1038","20191104",13.8666666666667,NA,2.15,NA,12.9,NA,2.2,NA,20.2,NA,3.5,NA
"1039","20191105",12.4,NA,1.52916666666667,NA,11.5,NA,1.2,NA,18.2,NA,3.4,NA
"1040","20191106",10.95,NA,1.8625,NA,10.6,NA,1.85,NA,16.1,NA,3.9,NA
"1041","20191107",9.57916666666667,NA,2.57083333333333,NA,9.05,NA,2.9,NA,13.5,NA,4.4,NA
"1042","20191108",6.74583333333333,NA,1.9,NA,6.75,NA,1.7,NA,12.7,NA,4.2,NA
"1043","20191109",9.3625,NA,1.62083333333333,NA,9.7,NA,1.4,NA,17,NA,3.2,NA
"1044","20191110",9.7875,11.8,2.09583333333333,NA,9.45,11.8,2,NA,15,NA,3.2,NA
"1045","20191111",11.3583333333333,0.275,2.475,NA,10.8,0.25,2.55,NA,14.9,NA,4,NA
"1046","20191112",9.33333333333333,NA,1.2875,NA,8.85,NA,1.35,NA,14.1,NA,2.7,NA
"1047","20191113",7.75416666666667,2.5,2.775,NA,7.25,2.4,2.1,NA,11.2,NA,5.1,NA
"1048","20191114",1.52083333333333,NA,3.09166666666667,NA,1.85,NA,3.15,NA,4.8,NA,5.5,NA
"1049","20191115",5.3,2.68571428571429,2.05833333333333,NA,5.7,1.9,2.05,NA,7.5,NA,3.4,NA
"1050","20191116",6.85833333333333,NA,1.575,NA,6,NA,1.5,NA,12.7,NA,2.7,NA
"1051","20191117",7.8125,4.5,3.05416666666667,NA,8.05,5.1,2.85,NA,9.9,NA,5.4,NA
"1052","20191118",5.53333333333333,5.93333333333333,3.64583333333333,NA,5.15,3.1,3.95,NA,12.5,NA,5.2,NA
"1053","20191119",0.445833333333333,0,2.71666666666667,NA,0.6,0,2.65,NA,3.9,NA,4.8,NA
"1054","20191120",0.466666666666667,NA,1.65,NA,0.5,NA,1.35,NA,6.2,NA,3.7,NA
"1055","20191121",3.625,NA,1.85416666666667,NA,5.5,NA,1.75,NA,8.9,NA,2.9,NA
"1056","20191122",9.52916666666667,NA,2.25833333333333,NA,9.3,NA,2.1,NA,16.8,NA,4,NA
"1057","20191123",11.9208333333333,NA,1.725,NA,12.5,NA,1.85,NA,17.5,NA,2.6,NA
"1058","20191124",10.3833333333333,1.26666666666667,2.10416666666667,NA,9.8,0.7,1.65,NA,15.3,NA,4.8,NA
"1059","20191125",2.14583333333333,NA,2.6125,NA,2.45,NA,2.75,NA,5.7,NA,5.2,NA
"1060","20191126",6.3875,NA,1.9,NA,6.1,NA,1.75,NA,13.4,NA,3.6,NA
"1061","20191127",3.47083333333333,NA,2.8,NA,3.3,NA,2.85,NA,6.3,NA,4.3,NA
"1062","20191128",3.5125,NA,1.92083333333333,NA,2.65,NA,1.6,NA,9.9,NA,4.2,NA
"1063","20191129",1.49583333333333,NA,2.125,NA,0.9,NA,2.1,NA,6.7,NA,3.8,NA
"1064","20191130",3.79166666666667,NA,1.7375,NA,5.45,NA,1.65,NA,9.2,NA,3,NA
"1065","20191201",4.89583333333333,0.471428571428571,1.55416666666667,NA,4.95,0.4,1.45,NA,6.1,NA,4.1,NA
"1066","20191202",0.333333333333333,0,3.20833333333333,NA,0.6,0,3.05,NA,2.6,NA,5.6,NA
"1067","20191203",-0.025,0,1.46666666666667,NA,1,0,1.45,NA,4.1,NA,2.2,NA
"1068","20191204",2.34583333333333,0.3,1.91666666666667,NA,2.4,0.3,1.85,NA,7.1,NA,4.3,NA
"1069","20191205",-3.69583333333333,NA,3.2,NA,-3.65,NA,3.8,NA,-0.2,NA,4.9,NA
"1070","20191206",-6.2,NA,1.7625,NA,-5.55,NA,1.65,NA,-1.4,NA,3.2,NA
"1071","20191207",-2.50416666666667,0.0333333333333333,1.69166666666667,0,-2.3,0,1.85,0,1.1,NA,3.1,NA
"1072","20191208",-1.03333333333333,NA,1.49583333333333,NA,-1.1,NA,1.6,NA,4.5,NA,2.7,NA
"1073","20191209",2.52916666666667,0,2.45,NA,3.05,0,2.4,NA,7.8,NA,3.4,NA
"1074","20191210",8.12083333333333,0.85,1.22083333333333,NA,7.95,0.85,1.15,NA,10.6,NA,2.7,NA
"1075","20191211",6.94583333333333,0.1,3.2625,NA,8.1,0.1,3.3,NA,9.8,NA,5.6,NA
"1076","20191212",-0.520833333333333,NA,1.91818181818182,NA,-0.8,NA,1.8,NA,3.4,NA,NA,NA
"1077","20191213",1.50833333333333,NA,1.83333333333333,NA,3.15,NA,1.8,NA,5.8,NA,2.9,NA
"1078","20191214",2.96666666666667,0.5,2.4,NA,2.7,0.5,2.5,NA,5.9,NA,3.5,NA
"1079","20191215",4.97083333333333,NA,1.98571428571429,NA,5.8,NA,2,NA,11,NA,NA,NA
"1080","20191216",7.3375,NA,1.85,NA,8.45,NA,1.8,NA,12.6,NA,2.9,NA
"1081","20191217",8.27916666666667,3.26666666666667,2.3125,NA,8.75,2.2,2.4,NA,10.2,NA,3.6,NA
